{"churn_label":1,"gender":0,"userId":"70","level":1,"num_downgrades":0,"time_active":145,"iPad":0,"X11":0,"Windows_NT_6_3":0,"iPhone":0,"Windows_NT_6_2":0,"Macintosh":0,"Windows_NT_5_1":0,"compatible":0,"Windows_NT_6_0":0,"Windows_NT_6_1":1,"Add_Friend":0.13903743315508021,"Add_to_Playlist":0.2192513368983957,"Error":0.0106951871657754,"Help":0.0481283422459893,"Roll_Advert":0.0213903743315508,"Submit_Upgrade":0.0053475935828877,"Thumbs_Down":0.06417112299465241,"Thumbs_Up":0.48128342245989303,"Upgrade":0.0106951871657754,"time_session":339.71296296296293,"songs_session":82.77777777777777,"mean_time_week":873.5476190476192,"std_time_week":498.889826257648,"mean_artists_week":192.85714285714286,"session_week":98.61111111111111,"mean_time_last_week":245.83333333333331,"mean_time_last_month":129.24055555555555,"time_last_week_ratio":1.9021377018737669,"number_songs_last_week":424,"number_songs_last_month":951,"number_songs_ratio":0.4458464773922187,"count_artist":119}
