{"churn_label":0,"gender":0,"userId":"65","level":1,"num_downgrades":0,"time_active":71,"iPad":0,"X11":1,"Windows_NT_6_3":0,"iPhone":0,"Windows_NT_6_2":0,"Macintosh":0,"Windows_NT_5_1":0,"compatible":0,"Windows_NT_6_0":0,"Windows_NT_6_1":0,"Add_Friend":0.19343065693430658,"Add_to_Playlist":0.24817518248175183,"Error":0.0,"Help":0.04744525547445255,"Roll_Advert":0.029197080291970802,"Submit_Upgrade":0.0036496350364963502,"Thumbs_Down":0.06204379562043796,"Thumbs_Up":0.4051094890510949,"Upgrade":0.010948905109489052,"time_session":384.1746376811595,"songs_session":96.04545454545455,"mean_time_week":1103.8333333333335,"std_time_week":793.8060817333319,"mean_artists_week":233.125,"session_week":106.0,"mean_time_last_week":283.1261904761905,"mean_time_last_month":202.9488888888889,"time_last_week_ratio":1.3950615449350765,"number_songs_last_week":475,"number_songs_last_month":1455,"number_songs_ratio":0.32646048109965636,"count_artist":60}
