{"churn_label":0,"gender":0,"userId":"59","level":1,"num_downgrades":1,"time_active":65,"iPad":0,"X11":0,"Windows_NT_6_3":0,"iPhone":0,"Windows_NT_6_2":0,"Macintosh":0,"Windows_NT_5_1":0,"compatible":0,"Windows_NT_6_0":0,"Windows_NT_6_1":1,"Add_Friend":0.17391304347826086,"Add_to_Playlist":0.15217391304347827,"Error":0.043478260869565216,"Help":0.03260869565217391,"Roll_Advert":0.11956521739130435,"Submit_Upgrade":0.021739130434782608,"Thumbs_Down":0.09782608695652174,"Thumbs_Up":0.32608695652173914,"Upgrade":0.03260869565217391,"time_session":457.28095238095233,"songs_session":120.66666666666667,"mean_time_week":800.2416666666667,"std_time_week":159.84492861427825,"mean_artists_week":169.75,"session_week":124.57142857142857,"mean_time_last_week":97.58333333333334,"mean_time_last_month":56.91111111111112,"time_last_week_ratio":1.7146622413119874,"number_songs_last_week":163,"number_songs_last_month":391,"number_songs_ratio":0.41687979539641945,"count_artist":85}
