{"churn_label":0,"gender":1,"userId":"300009","level":1,"num_downgrades":0,"time_active":101,"iPad":0,"X11":0,"Windows_NT_6_3":0,"iPhone":0,"Windows_NT_6_2":0,"Macintosh":0,"Windows_NT_5_1":0,"compatible":0,"Windows_NT_6_0":0,"Windows_NT_6_1":1,"Add_Friend":0.09417040358744394,"Add_to_Playlist":0.19730941704035873,"Error":0.008968609865470852,"Help":0.03139013452914798,"Roll_Advert":0.0,"Submit_Upgrade":0.004484304932735426,"Thumbs_Down":0.06726457399103139,"Thumbs_Up":0.5919282511210763,"Upgrade":0.004484304932735426,"time_session":326.6444444444444,"songs_session":79.27777777777777,"mean_time_week":653.2888888888889,"std_time_week":653.0264019143655,"mean_artists_week":144.55555555555554,"session_week":95.61111111111111,"mean_time_last_week":36.621428571428574,"mean_time_last_month":34.62777777777777,"time_last_week_ratio":1.057573743439298,"number_songs_last_week":62,"number_songs_last_month":251,"number_songs_ratio":0.24701195219123506,"count_artist":53}
{"churn_label":0,"gender":1,"userId":"36","level":1,"num_downgrades":0,"time_active":108,"iPad":0,"X11":0,"Windows_NT_6_3":0,"iPhone":0,"Windows_NT_6_2":0,"Macintosh":0,"Windows_NT_5_1":0,"compatible":0,"Windows_NT_6_0":0,"Windows_NT_6_1":1,"Add_Friend":0.2023121387283237,"Add_to_Playlist":0.1329479768786127,"Error":0.005780346820809248,"Help":0.04046242774566474,"Roll_Advert":0.19653179190751446,"Submit_Upgrade":0.005780346820809248,"Thumbs_Down":0.06936416184971098,"Thumbs_Up":0.3063583815028902,"Upgrade":0.04046242774566474,"time_session":233.38916666666665,"songs_session":64.33333333333333,"mean_time_week":583.4729166666667,"std_time_week":458.67691000618015,"mean_artists_week":134.25,"session_week":69.95,"mean_time_last_week":163.45238095238093,"mean_time_last_month":121.98944444444444,"time_last_week_ratio":1.33988954287614,"number_songs_last_week":278,"number_songs_last_month":908,"number_songs_ratio":0.30616740088105726,"count_artist":32}
