{"churn_label":0,"gender":1,"userId":"13","level":0,"num_downgrades":2,"time_active":119,"iPad":0,"X11":0,"Windows_NT_6_3":0,"iPhone":1,"Windows_NT_6_2":0,"Macintosh":0,"Windows_NT_5_1":0,"compatible":0,"Windows_NT_6_0":0,"Windows_NT_6_1":0,"Add_Friend":0.1391304347826087,"Add_to_Playlist":0.1608695652173913,"Error":0.0,"Help":0.034782608695652174,"Roll_Advert":0.3217391304347826,"Submit_Upgrade":0.008695652173913044,"Thumbs_Down":0.06086956521739131,"Thumbs_Up":0.24782608695652175,"Upgrade":0.02608695652173913,"time_session":154.60757575757575,"songs_session":38.78787878787879,"mean_time_week":566.8944444444445,"std_time_week":441.593591596265,"mean_artists_week":130.44444444444446,"session_week":50.121212121212125,"mean_time_last_week":67.99285714285715,"mean_time_last_month":112.49500000000002,"time_last_week_ratio":0.6044078149505057,"number_songs_last_week":121,"number_songs_last_month":837,"number_songs_ratio":0.14456391875746716,"count_artist":27}
{"churn_label":0,"gender":0,"userId":"200019","level":0,"num_downgrades":1,"time_active":56,"iPad":0,"X11":0,"Windows_NT_6_3":0,"iPhone":0,"Windows_NT_6_2":0,"Macintosh":1,"Windows_NT_5_1":0,"compatible":0,"Windows_NT_6_0":0,"Windows_NT_6_1":0,"Add_Friend":0.09090909090909091,"Add_to_Playlist":0.20454545454545456,"Error":0.0,"Help":0.03409090909090909,"Roll_Advert":0.11363636363636363,"Submit_Upgrade":0.011363636363636364,"Thumbs_Down":0.19318181818181818,"Thumbs_Up":0.3181818181818182,"Upgrade":0.03409090909090909,"time_session":198.3366666666667,"songs_session":49.5,"mean_time_week":330.56111111111113,"std_time_week":314.9383240619709,"mean_artists_week":78.66666666666667,"session_week":63.9,"mean_time_last_week":22.164285714285715,"mean_time_last_month":18.179444444444446,"time_last_week_ratio":1.2191948869515106,"number_songs_last_week":38,"number_songs_last_month":136,"number_songs_ratio":0.27941176470588236,"count_artist":14}
