{"churn_label":0,"gender":0,"userId":"300016","level":1,"num_downgrades":0,"time_active":101,"iPad":0,"X11":0,"Windows_NT_6_3":0,"iPhone":0,"Windows_NT_6_2":0,"Macintosh":0,"Windows_NT_5_1":0,"compatible":0,"Windows_NT_6_0":0,"Windows_NT_6_1":1,"Add_Friend":0.10784313725490197,"Add_to_Playlist":0.2549019607843137,"Error":0.00980392156862745,"Help":0.0,"Roll_Advert":0.0196078431372549,"Submit_Upgrade":0.00980392156862745,"Thumbs_Down":0.0392156862745098,"Thumbs_Up":0.5490196078431373,"Upgrade":0.00980392156862745,"time_session":181.81025641025641,"songs_session":48.583333333333336,"mean_time_week":295.44166666666666,"std_time_week":259.6066270218285,"mean_artists_week":67.375,"session_week":56.53846153846154,"mean_time_last_week":4.266666666666667,"mean_time_last_month":53.86055555555556,"time_last_week_ratio":0.0792169078587711,"number_songs_last_week":8,"number_songs_last_month":390,"number_songs_ratio":0.020512820512820513,"count_artist":10}
