{"churn_label":1,"gender":0,"userId":"100017","level":0,"num_downgrades":0,"time_active":79,"iPad":0,"X11":0,"Windows_NT_6_3":0,"iPhone":1,"Windows_NT_6_2":0,"Macintosh":0,"Windows_NT_5_1":0,"compatible":0,"Windows_NT_6_0":0,"Windows_NT_6_1":0,"Add_Friend":0.0,"Add_to_Playlist":0.05555555555555555,"Error":0.0,"Help":0.0,"Roll_Advert":0.7777777777777778,"Submit_Upgrade":0.0,"Thumbs_Down":0.05555555555555555,"Thumbs_Up":0.1111111111111111,"Upgrade":0.0,"time_session":199.26666666666668,"songs_session":52.0,"mean_time_week":199.26666666666668,"std_time_week":0.0,"mean_artists_week":51.0,"session_week":75.0,"mean_time_last_week":28.46666666666667,"mean_time_last_month":6.642222222222222,"time_last_week_ratio":4.285714285714286,"number_songs_last_week":52,"number_songs_last_month":52,"number_songs_ratio":1.0,"count_artist":3}
