{"churn_label":0,"gender":0,"userId":"34","level":0,"num_downgrades":0,"time_active":71,"iPad":0,"X11":0,"Windows_NT_6_3":0,"iPhone":0,"Windows_NT_6_2":0,"Macintosh":1,"Windows_NT_5_1":0,"compatible":0,"Windows_NT_6_0":0,"Windows_NT_6_1":0,"Add_Friend":0.0,"Add_to_Playlist":0.4444444444444444,"Error":0.0,"Help":0.0,"Roll_Advert":0.3333333333333333,"Submit_Upgrade":0.0,"Thumbs_Down":0.0,"Thumbs_Up":0.2222222222222222,"Upgrade":0.0,"time_session":68.42222222222222,"songs_session":17.666666666666668,"mean_time_week":68.42222222222222,"std_time_week":13.70443291353135,"mean_artists_week":17.666666666666668,"session_week":24.333333333333332,"mean_time_last_week":7.514285714285714,"mean_time_last_month":1.7533333333333334,"time_last_week_ratio":4.285714285714286,"number_songs_last_week":14,"number_songs_last_month":14,"number_songs_ratio":1.0,"count_artist":9}
