{"churn_label":0,"gender":0,"userId":"200022","level":0,"num_downgrades":0,"time_active":89,"iPad":0,"X11":0,"Windows_NT_6_3":0,"iPhone":0,"Windows_NT_6_2":0,"Macintosh":1,"Windows_NT_5_1":0,"compatible":0,"Windows_NT_6_0":0,"Windows_NT_6_1":0,"Add_Friend":0.07894736842105263,"Add_to_Playlist":0.06578947368421052,"Error":0.013157894736842105,"Help":0.02631578947368421,"Roll_Advert":0.4473684210526316,"Submit_Upgrade":0.0,"Thumbs_Down":0.13157894736842105,"Thumbs_Up":0.21052631578947367,"Upgrade":0.02631578947368421,"time_session":184.43333333333334,"songs_session":43.5,"mean_time_week":295.09333333333336,"std_time_week":365.63094944827145,"mean_artists_week":65.2,"session_week":57.0,"mean_time_last_week":20.857142857142858,"mean_time_last_month":40.60666666666667,"time_last_week_ratio":0.5136383891924854,"number_songs_last_week":34,"number_songs_last_month":288,"number_songs_ratio":0.11805555555555555,"count_artist":9}
