{"churn_label":0,"gender":1,"userId":"300008","level":1,"num_downgrades":0,"time_active":91,"iPad":0,"X11":0,"Windows_NT_6_3":0,"iPhone":1,"Windows_NT_6_2":0,"Macintosh":0,"Windows_NT_5_1":0,"compatible":0,"Windows_NT_6_0":0,"Windows_NT_6_1":0,"Add_Friend":0.11165048543689321,"Add_to_Playlist":0.2087378640776699,"Error":0.014563106796116505,"Help":0.043689320388349516,"Roll_Advert":0.0048543689320388345,"Submit_Upgrade":0.0,"Thumbs_Down":0.07766990291262135,"Thumbs_Up":0.5388349514563107,"Upgrade":0.0,"time_session":319.92499999999995,"songs_session":77.38888888888889,"mean_time_week":719.83125,"std_time_week":660.6085084101843,"mean_artists_week":158.125,"session_week":92.88888888888889,"mean_time_last_week":57.06666666666666,"mean_time_last_month":86.15555555555555,"time_last_week_ratio":0.6623678101624968,"number_songs_last_week":98,"number_songs_last_month":620,"number_songs_ratio":0.15806451612903225,"count_artist":116}
