{"churn_label":0,"gender":0,"userId":"55","level":1,"num_downgrades":0,"time_active":71,"iPad":0,"X11":0,"Windows_NT_6_3":0,"iPhone":0,"Windows_NT_6_2":0,"Macintosh":1,"Windows_NT_5_1":0,"compatible":0,"Windows_NT_6_0":0,"Windows_NT_6_1":0,"Add_Friend":0.1,"Add_to_Playlist":0.1625,"Error":0.0125,"Help":0.05,"Roll_Advert":0.3625,"Submit_Upgrade":0.0125,"Thumbs_Down":0.0625,"Thumbs_Up":0.2125,"Upgrade":0.025,"time_session":162.34545454545457,"songs_session":34.63636363636363,"mean_time_week":297.6333333333334,"std_time_week":425.1059220947175,"mean_artists_week":60.833333333333336,"session_week":44.45454545454545,"mean_time_last_week":163.54761904761907,"mean_time_last_month":52.326666666666675,"time_last_week_ratio":3.1255118941448408,"number_songs_last_week":246,"number_songs_last_month":337,"number_songs_ratio":0.7299703264094956,"count_artist":20}
