{"churn_label":0,"gender":1,"userId":"124","level":1,"num_downgrades":0,"time_active":131,"iPad":0,"X11":0,"Windows_NT_6_3":0,"iPhone":0,"Windows_NT_6_2":0,"Macintosh":1,"Windows_NT_5_1":0,"compatible":0,"Windows_NT_6_0":0,"Windows_NT_6_1":0,"Add_Friend":0.16933638443935928,"Add_to_Playlist":0.2700228832951945,"Error":0.013729977116704805,"Help":0.05263157894736842,"Roll_Advert":0.009153318077803204,"Submit_Upgrade":0.0,"Thumbs_Down":0.09382151029748284,"Thumbs_Up":0.391304347826087,"Upgrade":0.0,"time_session":578.9942528735631,"songs_session":145.67857142857142,"mean_time_week":1865.6481481481485,"std_time_week":1161.9738707691788,"mean_artists_week":375.55555555555554,"session_week":166.3793103448276,"mean_time_last_week":137.33809523809524,"mean_time_last_month":257.11555555555555,"time_last_week_ratio":0.5341493047409972,"number_songs_last_week":254,"number_songs_last_month":2309,"number_songs_ratio":0.11000433087916847,"count_artist":1926}
{"churn_label":1,"gender":0,"userId":"51","level":1,"num_downgrades":0,"time_active":20,"iPad":0,"X11":0,"Windows_NT_6_3":0,"iPhone":0,"Windows_NT_6_2":0,"Macintosh":0,"Windows_NT_5_1":0,"compatible":0,"Windows_NT_6_0":0,"Windows_NT_6_1":1,"Add_Friend":0.1308411214953271,"Add_to_Playlist":0.24299065420560748,"Error":0.004672897196261682,"Help":0.056074766355140186,"Roll_Advert":0.0,"Submit_Upgrade":0.0,"Thumbs_Down":0.09813084112149532,"Thumbs_Up":0.4672897196261682,"Upgrade":0.0,"time_session":872.3566666666666,"songs_session":211.1,"mean_time_week":2907.0055555555555,"std_time_week":1304.5636154512586,"mean_artists_week":565.0,"session_week":224.0,"mean_time_last_week":571.0285714285716,"mean_time_last_month":290.78555555555556,"time_last_week_ratio":1.963744623895098,"number_songs_last_week":959,"number_songs_last_month":2111,"number_songs_ratio":0.4542870677404074,"count_artist":707}
{"churn_label":0,"gender":0,"userId":"7","level":0,"num_downgrades":0,"time_active":73,"iPad":0,"X11":0,"Windows_NT_6_3":0,"iPhone":0,"Windows_NT_6_2":0,"Macintosh":0,"Windows_NT_5_1":0,"compatible":0,"Windows_NT_6_0":0,"Windows_NT_6_1":1,"Add_Friend":0.029411764705882353,"Add_to_Playlist":0.14705882352941177,"Error":0.029411764705882353,"Help":0.029411764705882353,"Roll_Advert":0.47058823529411764,"Submit_Upgrade":0.0,"Thumbs_Down":0.029411764705882353,"Thumbs_Up":0.20588235294117646,"Upgrade":0.058823529411764705,"time_session":87.6404761904762,"songs_session":21.428571428571427,"mean_time_week":122.69666666666667,"std_time_week":105.99871684233834,"mean_artists_week":29.4,"session_week":28.714285714285715,"mean_time_last_week":9.823809523809524,"mean_time_last_month":5.366111111111111,"time_last_week_ratio":1.8307130285595967,"number_songs_last_week":17,"number_songs_last_month":41,"number_songs_ratio":0.4146341463414634,"count_artist":48}
