{"churn_label":0,"gender":1,"userId":"66","level":1,"num_downgrades":0,"time_active":126,"iPad":0,"X11":0,"Windows_NT_6_3":0,"iPhone":0,"Windows_NT_6_2":0,"Macintosh":0,"Windows_NT_5_1":0,"compatible":0,"Windows_NT_6_0":0,"Windows_NT_6_1":1,"Add_Friend":0.14634146341463414,"Add_to_Playlist":0.23170731707317074,"Error":0.0,"Help":0.018292682926829267,"Roll_Advert":0.21341463414634146,"Submit_Upgrade":0.006097560975609756,"Thumbs_Down":0.04878048780487805,"Thumbs_Up":0.3170731707317073,"Upgrade":0.018292682926829267,"time_session":202.44523809523807,"songs_session":52.25,"mean_time_week":472.012962962963,"std_time_week":394.0473030841618,"mean_artists_week":108.88888888888889,"session_week":58.54545454545455,"mean_time_last_week":92.8404761904762,"mean_time_last_month":59.159444444444446,"time_last_week_ratio":1.5693263698184488,"number_songs_last_week":159,"number_songs_last_month":431,"number_songs_ratio":0.3689095127610209,"count_artist":32}
