{"churn_label":1,"gender":1,"userId":"122","level":1,"num_downgrades":0,"time_active":53,"iPad":0,"X11":1,"Windows_NT_6_3":0,"iPhone":0,"Windows_NT_6_2":0,"Macintosh":0,"Windows_NT_5_1":0,"compatible":0,"Windows_NT_6_0":0,"Windows_NT_6_1":0,"Add_Friend":0.09090909090909091,"Add_to_Playlist":0.09090909090909091,"Error":0.0,"Help":0.0,"Roll_Advert":0.18181818181818182,"Submit_Upgrade":0.09090909090909091,"Thumbs_Down":0.09090909090909091,"Thumbs_Up":0.2727272727272727,"Upgrade":0.18181818181818182,"time_session":37.60833333333334,"songs_session":13.666666666666666,"mean_time_week":50.14444444444445,"std_time_week":72.4672077818906,"mean_artists_week":20.5,"session_week":15.5,"mean_time_last_week":19.033333333333335,"mean_time_last_month":5.014444444444445,"time_last_week_ratio":3.7957013073343675,"number_songs_last_week":36,"number_songs_last_month":41,"number_songs_ratio":0.8780487804878049,"count_artist":4}
