{"churn_label":1,"gender":1,"userId":"100015","level":1,"num_downgrades":1,"time_active":68,"iPad":0,"X11":0,"Windows_NT_6_3":0,"iPhone":0,"Windows_NT_6_2":0,"Macintosh":1,"Windows_NT_5_1":0,"compatible":0,"Windows_NT_6_0":0,"Windows_NT_6_1":0,"Add_Friend":0.08484848484848485,"Add_to_Playlist":0.13333333333333333,"Error":0.006060606060606061,"Help":0.03636363636363636,"Roll_Advert":0.41818181818181815,"Submit_Upgrade":0.012121212121212121,"Thumbs_Down":0.048484848484848485,"Thumbs_Up":0.21212121212121213,"Upgrade":0.048484848484848485,"time_session":278.59444444444443,"songs_session":66.66666666666667,"mean_time_week":477.5904761904762,"std_time_week":233.20016038070668,"mean_artists_week":108.14285714285714,"session_week":87.5,"mean_time_last_week":55.50238095238095,"mean_time_last_month":30.282222222222224,"time_last_week_ratio":1.832837119584019,"number_songs_last_week":99,"number_songs_last_month":228,"number_songs_ratio":0.4342105263157895,"count_artist":35}
