{"churn_label":0,"gender":1,"userId":"100004","level":1,"num_downgrades":2,"time_active":173,"iPad":0,"X11":0,"Windows_NT_6_3":0,"iPhone":0,"Windows_NT_6_2":0,"Macintosh":0,"Windows_NT_5_1":0,"compatible":1,"Windows_NT_6_0":0,"Windows_NT_6_1":0,"Add_Friend":0.09844559585492228,"Add_to_Playlist":0.11917098445595854,"Error":0.010362694300518135,"Help":0.031088082901554404,"Roll_Advert":0.44559585492227977,"Submit_Upgrade":0.015544041450777202,"Thumbs_Down":0.05699481865284974,"Thumbs_Up":0.18134715025906736,"Upgrade":0.04145077720207254,"time_session":185.98650793650793,"songs_session":47.1,"mean_time_week":433.9685185185186,"std_time_week":448.31061818574676,"mean_artists_week":97.44444444444444,"session_week":59.285714285714285,"mean_time_last_week":197.3904761904762,"mean_time_last_month":86.91666666666667,"time_last_week_ratio":2.2710313655663605,"number_songs_last_week":331,"number_songs_last_month":622,"number_songs_ratio":0.5321543408360129,"count_artist":51}
{"churn_label":0,"gender":1,"userId":"104","level":1,"num_downgrades":0,"time_active":125,"iPad":0,"X11":0,"Windows_NT_6_3":0,"iPhone":0,"Windows_NT_6_2":0,"Macintosh":0,"Windows_NT_5_1":0,"compatible":0,"Windows_NT_6_0":0,"Windows_NT_6_1":1,"Add_Friend":0.10952380952380952,"Add_to_Playlist":0.20476190476190476,"Error":0.004761904761904762,"Help":0.07142857142857142,"Roll_Advert":0.10952380952380952,"Submit_Upgrade":0.004761904761904762,"Thumbs_Down":0.08095238095238096,"Thumbs_Up":0.4,"Upgrade":0.014285714285714285,"time_session":281.0339743589743,"songs_session":68.5,"mean_time_week":811.8759259259258,"std_time_week":693.3199206490659,"mean_artists_week":177.77777777777777,"session_week":82.0,"mean_time_last_week":71.73809523809523,"mean_time_last_month":156.8111111111111,"time_last_week_ratio":0.45748094462046135,"number_songs_last_week":128,"number_songs_last_month":1135,"number_songs_ratio":0.11277533039647578,"count_artist":81}
{"churn_label":0,"gender":0,"userId":"60","level":1,"num_downgrades":0,"time_active":72,"iPad":0,"X11":0,"Windows_NT_6_3":0,"iPhone":0,"Windows_NT_6_2":0,"Macintosh":1,"Windows_NT_5_1":0,"compatible":0,"Windows_NT_6_0":0,"Windows_NT_6_1":0,"Add_Friend":0.140625,"Add_to_Playlist":0.3020833333333333,"Error":0.010416666666666666,"Help":0.036458333333333336,"Roll_Advert":0.015625,"Submit_Upgrade":0.005208333333333333,"Thumbs_Down":0.046875,"Thumbs_Up":0.4375,"Upgrade":0.005208333333333333,"time_session":380.7148148148148,"songs_session":91.33333333333333,"mean_time_week":855.975,"std_time_week":704.0836656633702,"mean_artists_week":181.75,"session_week":102.63157894736842,"mean_time_last_week":101.69047619047619,"mean_time_last_month":183.09666666666666,"time_last_week_ratio":0.5553922856258598,"number_songs_last_week":166,"number_songs_last_month":1319,"number_songs_ratio":0.12585291887793784,"count_artist":74}
{"churn_label":0,"gender":1,"userId":"68","level":0,"num_downgrades":0,"time_active":100,"iPad":0,"X11":0,"Windows_NT_6_3":0,"iPhone":0,"Windows_NT_6_2":0,"Macintosh":1,"Windows_NT_5_1":0,"compatible":0,"Windows_NT_6_0":0,"Windows_NT_6_1":0,"Add_Friend":0.5,"Add_to_Playlist":0.0,"Error":0.0,"Help":0.0,"Roll_Advert":0.2857142857142857,"Submit_Upgrade":0.0,"Thumbs_Down":0.0,"Thumbs_Up":0.14285714285714285,"Upgrade":0.07142857142857142,"time_session":63.74166666666667,"songs_session":14.5,"mean_time_week":63.74166666666667,"std_time_week":42.72103469668725,"mean_artists_week":14.5,"session_week":24.0,"mean_time_last_week":13.421428571428573,"mean_time_last_month":3.131666666666667,"time_last_week_ratio":4.285714285714286,"number_songs_last_week":23,"number_songs_last_month":23,"number_songs_ratio":1.0,"count_artist":2}
{"churn_label":0,"gender":0,"userId":"90","level":0,"num_downgrades":0,"time_active":102,"iPad":0,"X11":0,"Windows_NT_6_3":0,"iPhone":0,"Windows_NT_6_2":0,"Macintosh":1,"Windows_NT_5_1":0,"compatible":0,"Windows_NT_6_0":0,"Windows_NT_6_1":0,"Add_Friend":0.0,"Add_to_Playlist":0.0,"Error":0.0,"Help":0.4,"Roll_Advert":0.6,"Submit_Upgrade":0.0,"Thumbs_Down":0.0,"Thumbs_Up":0.0,"Upgrade":0.0,"time_session":29.706666666666667,"songs_session":9.25,"mean_time_week":37.13333333333333,"std_time_week":40.574857659319946,"mean_artists_week":12.333333333333334,"session_week":9.0,"mean_time_last_week":10.626190476190477,"mean_time_last_month":4.723333333333333,"time_last_week_ratio":2.2497227543099108,"number_songs_last_week":19,"number_songs_last_month":34,"number_songs_ratio":0.5588235294117647,"count_artist":2}
