{"churn_label":0,"gender":0,"userId":"14","level":1,"num_downgrades":0,"time_active":132,"iPad":0,"X11":0,"Windows_NT_6_3":0,"iPhone":0,"Windows_NT_6_2":0,"Macintosh":1,"Windows_NT_5_1":0,"compatible":0,"Windows_NT_6_0":0,"Windows_NT_6_1":0,"Add_Friend":0.14393939393939395,"Add_to_Playlist":0.25757575757575757,"Error":0.015151515151515152,"Help":0.07575757575757576,"Roll_Advert":0.007575757575757576,"Submit_Upgrade":0.0,"Thumbs_Down":0.09090909090909091,"Thumbs_Up":0.4090909090909091,"Upgrade":0.0,"time_session":457.2636363636364,"songs_session":111.81818181818181,"mean_time_week":628.7375,"std_time_week":341.18830412112254,"mean_artists_week":143.25,"session_week":130.1818181818182,"mean_time_last_week":248.5452380952381,"mean_time_last_month":113.08388888888888,"time_last_week_ratio":2.1978837174537516,"number_songs_last_week":426,"number_songs_last_month":834,"number_songs_ratio":0.5107913669064749,"count_artist":32}
{"churn_label":0,"gender":0,"userId":"21","level":1,"num_downgrades":0,"time_active":69,"iPad":0,"X11":0,"Windows_NT_6_3":1,"iPhone":0,"Windows_NT_6_2":0,"Macintosh":0,"Windows_NT_5_1":0,"compatible":0,"Windows_NT_6_0":0,"Windows_NT_6_1":0,"Add_Friend":0.1568627450980392,"Add_to_Playlist":0.17647058823529413,"Error":0.0196078431372549,"Help":0.0784313725490196,"Roll_Advert":0.0,"Submit_Upgrade":0.0,"Thumbs_Down":0.0392156862745098,"Thumbs_Up":0.5294117647058824,"Upgrade":0.0,"time_session":499.7625,"songs_session":124.75,"mean_time_week":499.7625,"std_time_week":467.33227301650993,"mean_artists_week":114.5,"session_week":147.25,"mean_time_last_week":57.71904761904762,"mean_time_last_month":60.79388888888889,"time_last_week_ratio":0.9494218691049514,"number_songs_last_week":97,"number_songs_last_month":455,"number_songs_ratio":0.21318681318681318,"count_artist":11}
