{"churn_label":0,"gender":0,"userId":"76","level":0,"num_downgrades":0,"time_active":57,"iPad":0,"X11":0,"Windows_NT_6_3":0,"iPhone":0,"Windows_NT_6_2":0,"Macintosh":1,"Windows_NT_5_1":0,"compatible":0,"Windows_NT_6_0":0,"Windows_NT_6_1":0,"Add_Friend":0.07317073170731707,"Add_to_Playlist":0.0975609756097561,"Error":0.024390243902439025,"Help":0.04878048780487805,"Roll_Advert":0.36585365853658536,"Submit_Upgrade":0.0,"Thumbs_Down":0.04878048780487805,"Thumbs_Up":0.3170731707317073,"Upgrade":0.024390243902439025,"time_session":240.54722222222222,"songs_session":35.333333333333336,"mean_time_week":360.8208333333334,"std_time_week":191.02332288037303,"mean_artists_week":51.75,"session_week":45.333333333333336,"mean_time_last_week":41.38095238095239,"mean_time_last_month":22.712222222222223,"time_last_week_ratio":1.8219684527595101,"number_songs_last_week":38,"number_songs_last_month":88,"number_songs_ratio":0.4318181818181818,"count_artist":4}
