{"churn_label":0,"gender":0,"userId":"100","level":1,"num_downgrades":1,"time_active":65,"iPad":0,"X11":0,"Windows_NT_6_3":0,"iPhone":0,"Windows_NT_6_2":0,"Macintosh":0,"Windows_NT_5_1":0,"compatible":0,"Windows_NT_6_0":0,"Windows_NT_6_1":1,"Add_Friend":0.14714714714714713,"Add_to_Playlist":0.1831831831831832,"Error":0.009009009009009009,"Help":0.05405405405405406,"Roll_Advert":0.07507507507507508,"Submit_Upgrade":0.003003003003003003,"Thumbs_Down":0.08108108108108109,"Thumbs_Up":0.4444444444444444,"Upgrade":0.003003003003003003,"time_session":316.5190476190476,"songs_session":78.88235294117646,"mean_time_week":1230.4499999999998,"std_time_week":465.90621127897975,"mean_artists_week":266.55555555555554,"session_week":89.27777777777777,"mean_time_last_week":167.8595238095238,"mean_time_last_month":209.03722222222223,"time_last_week_ratio":0.8030126023731629,"number_songs_last_week":284,"number_songs_last_month":1506,"number_songs_ratio":0.18857901726427623,"count_artist":200}
{"churn_label":1,"gender":1,"userId":"100006","level":0,"num_downgrades":0,"time_active":9,"iPad":0,"X11":0,"Windows_NT_6_3":1,"iPhone":0,"Windows_NT_6_2":0,"Macintosh":0,"Windows_NT_5_1":0,"compatible":0,"Windows_NT_6_0":0,"Windows_NT_6_1":0,"Add_Friend":0.3333333333333333,"Add_to_Playlist":0.08333333333333333,"Error":0.0,"Help":0.0,"Roll_Advert":0.25,"Submit_Upgrade":0.0,"Thumbs_Down":0.16666666666666666,"Thumbs_Up":0.16666666666666666,"Upgrade":0.0,"time_session":93.43333333333334,"songs_session":26.0,"mean_time_week":93.43333333333334,"std_time_week":0.0,"mean_artists_week":26.0,"session_week":44.0,"mean_time_last_week":13.347619047619048,"mean_time_last_month":3.1144444444444446,"time_last_week_ratio":4.285714285714286,"number_songs_last_week":26,"number_songs_last_month":26,"number_songs_ratio":1.0,"count_artist":2}
