{"churn_label":0,"gender":1,"userId":"109","level":0,"num_downgrades":1,"time_active":88,"iPad":0,"X11":0,"Windows_NT_6_3":0,"iPhone":0,"Windows_NT_6_2":0,"Macintosh":0,"Windows_NT_5_1":0,"compatible":0,"Windows_NT_6_0":0,"Windows_NT_6_1":1,"Add_Friend":0.15584415584415584,"Add_to_Playlist":0.2077922077922078,"Error":0.0,"Help":0.12987012987012986,"Roll_Advert":0.09090909090909091,"Submit_Upgrade":0.012987012987012988,"Thumbs_Down":0.06493506493506493,"Thumbs_Up":0.2987012987012987,"Upgrade":0.03896103896103896,"time_session":246.3375,"songs_session":59.75,"mean_time_week":492.675,"std_time_week":362.84988857499854,"mean_artists_week":112.33333333333333,"session_week":71.75,"mean_time_last_week":28.659523809523808,"mean_time_last_month":65.2611111111111,"time_last_week_ratio":0.439151637500152,"number_songs_last_week":48,"number_songs_last_month":479,"number_songs_ratio":0.10020876826722339,"count_artist":14}
{"churn_label":0,"gender":0,"userId":"123","level":0,"num_downgrades":0,"time_active":101,"iPad":0,"X11":0,"Windows_NT_6_3":0,"iPhone":1,"Windows_NT_6_2":0,"Macintosh":0,"Windows_NT_5_1":0,"compatible":0,"Windows_NT_6_0":0,"Windows_NT_6_1":0,"Add_Friend":0.14285714285714285,"Add_to_Playlist":0.22857142857142856,"Error":0.0,"Help":0.02857142857142857,"Roll_Advert":0.4,"Submit_Upgrade":0.0,"Thumbs_Down":0.02857142857142857,"Thumbs_Up":0.14285714285714285,"Upgrade":0.02857142857142857,"time_session":69.3375,"songs_session":18.75,"mean_time_week":110.94000000000001,"std_time_week":53.72487733298649,"mean_artists_week":29.8,"session_week":24.5,"mean_time_last_week":21.0,"mean_time_last_month":18.49,"time_last_week_ratio":1.1357490535424555,"number_songs_last_week":39,"number_songs_last_month":150,"number_songs_ratio":0.26,"count_artist":8}
