{"churn_label":0,"gender":1,"userId":"108","level":1,"num_downgrades":0,"time_active":62,"iPad":0,"X11":0,"Windows_NT_6_3":0,"iPhone":0,"Windows_NT_6_2":0,"Macintosh":1,"Windows_NT_5_1":0,"compatible":0,"Windows_NT_6_0":0,"Windows_NT_6_1":0,"Add_Friend":0.18292682926829268,"Add_to_Playlist":0.18292682926829268,"Error":0.0,"Help":0.06097560975609756,"Roll_Advert":0.23170731707317074,"Submit_Upgrade":0.012195121951219513,"Thumbs_Down":0.07317073170731707,"Thumbs_Up":0.24390243902439024,"Upgrade":0.012195121951219513,"time_session":432.82777777777784,"songs_session":105.5,"mean_time_week":519.3933333333334,"std_time_week":472.55710495605126,"mean_artists_week":115.8,"session_week":127.33333333333333,"mean_time_last_week":0.28095238095238095,"mean_time_last_month":71.9688888888889,"time_last_week_ratio":0.0039038032306728653,"number_songs_last_week":1,"number_songs_last_month":531,"number_songs_ratio":0.0018832391713747645,"count_artist":22}
{"churn_label":0,"gender":1,"userId":"117","level":0,"num_downgrades":0,"time_active":72,"iPad":0,"X11":0,"Windows_NT_6_3":0,"iPhone":0,"Windows_NT_6_2":0,"Macintosh":0,"Windows_NT_5_1":0,"compatible":0,"Windows_NT_6_0":0,"Windows_NT_6_1":1,"Add_Friend":0.16129032258064516,"Add_to_Playlist":0.16129032258064516,"Error":0.03225806451612903,"Help":0.016129032258064516,"Roll_Advert":0.3548387096774194,"Submit_Upgrade":0.0,"Thumbs_Down":0.04838709677419355,"Thumbs_Up":0.1774193548387097,"Upgrade":0.04838709677419355,"time_session":109.70384615384616,"songs_session":26.384615384615383,"mean_time_week":178.26875,"std_time_week":216.31805075476544,"mean_artists_week":41.125,"session_week":34.23076923076923,"mean_time_last_week":50.300000000000004,"mean_time_last_month":21.354444444444443,"time_last_week_ratio":2.3554815547114836,"number_songs_last_week":77,"number_songs_last_month":148,"number_songs_ratio":0.5202702702702703,"count_artist":15}
{"churn_label":0,"gender":0,"userId":"300010","level":0,"num_downgrades":0,"time_active":74,"iPad":0,"X11":0,"Windows_NT_6_3":0,"iPhone":0,"Windows_NT_6_2":0,"Macintosh":1,"Windows_NT_5_1":0,"compatible":0,"Windows_NT_6_0":0,"Windows_NT_6_1":0,"Add_Friend":0.12307692307692308,"Add_to_Playlist":0.1076923076923077,"Error":0.0,"Help":0.015384615384615385,"Roll_Advert":0.38461538461538464,"Submit_Upgrade":0.0,"Thumbs_Down":0.015384615384615385,"Thumbs_Up":0.3230769230769231,"Upgrade":0.03076923076923077,"time_session":155.42857142857142,"songs_session":37.57142857142857,"mean_time_week":217.6,"std_time_week":168.63863897563795,"mean_artists_week":51.8,"session_week":50.142857142857146,"mean_time_last_week":63.49285714285714,"mean_time_last_month":15.99,"time_last_week_ratio":3.9707853122487267,"number_songs_last_week":105,"number_songs_last_month":115,"number_songs_ratio":0.9130434782608695,"count_artist":13}
