{"churn_label":0,"gender":1,"userId":"145","level":1,"num_downgrades":0,"time_active":102,"iPad":0,"X11":1,"Windows_NT_6_3":0,"iPhone":0,"Windows_NT_6_2":0,"Macintosh":0,"Windows_NT_5_1":0,"compatible":0,"Windows_NT_6_0":0,"Windows_NT_6_1":0,"Add_Friend":0.2595419847328244,"Add_to_Playlist":0.20610687022900764,"Error":0.0,"Help":0.007633587786259542,"Roll_Advert":0.0,"Submit_Upgrade":0.0,"Thumbs_Down":0.061068702290076333,"Thumbs_Up":0.46564885496183206,"Upgrade":0.0,"time_session":315.9122222222222,"songs_session":80.64285714285714,"mean_time_week":676.092857142857,"std_time_week":563.1444217974528,"mean_artists_week":147.71428571428572,"session_week":84.1875,"mean_time_last_week":236.10476190476192,"mean_time_last_month":78.66000000000001,"time_last_week_ratio":3.001586090830942,"number_songs_last_week":397,"number_songs_last_month":563,"number_songs_ratio":0.7051509769094139,"count_artist":33}
{"churn_label":0,"gender":1,"userId":"50","level":1,"num_downgrades":0,"time_active":75,"iPad":0,"X11":0,"Windows_NT_6_3":0,"iPhone":0,"Windows_NT_6_2":0,"Macintosh":0,"Windows_NT_5_1":0,"compatible":0,"Windows_NT_6_0":0,"Windows_NT_6_1":1,"Add_Friend":0.0891089108910891,"Add_to_Playlist":0.1188118811881188,"Error":0.019801980198019802,"Help":0.06930693069306931,"Roll_Advert":0.36633663366336633,"Submit_Upgrade":0.009900990099009901,"Thumbs_Down":0.0297029702970297,"Thumbs_Up":0.26732673267326734,"Upgrade":0.0297029702970297,"time_session":264.27500000000003,"songs_session":62.875,"mean_time_week":302.02857142857147,"std_time_week":174.68570923398977,"mean_artists_week":69.0,"session_week":81.375,"mean_time_last_week":43.07857142857143,"mean_time_last_month":42.93888888888889,"time_last_week_ratio":1.0032530543592777,"number_songs_last_week":73,"number_songs_last_month":310,"number_songs_ratio":0.23548387096774193,"count_artist":17}
