{"churn_label":0,"gender":0,"userId":"300014","level":1,"num_downgrades":0,"time_active":100,"iPad":0,"X11":0,"Windows_NT_6_3":0,"iPhone":0,"Windows_NT_6_2":0,"Macintosh":0,"Windows_NT_5_1":0,"compatible":0,"Windows_NT_6_0":0,"Windows_NT_6_1":1,"Add_Friend":0.05454545454545454,"Add_to_Playlist":0.18181818181818182,"Error":0.01818181818181818,"Help":0.07272727272727272,"Roll_Advert":0.0,"Submit_Upgrade":0.01818181818181818,"Thumbs_Down":0.14545454545454545,"Thumbs_Up":0.4909090909090909,"Upgrade":0.01818181818181818,"time_session":166.21428571428572,"songs_session":46.666666666666664,"mean_time_week":232.7,"std_time_week":217.03794055162084,"mean_artists_week":65.5,"session_week":51.57142857142857,"mean_time_last_week":19.988095238095237,"mean_time_last_month":34.401666666666664,"time_last_week_ratio":0.5810211299286441,"number_songs_last_week":32,"number_songs_last_month":246,"number_songs_ratio":0.13008130081300814,"count_artist":7}
