{"churn_label":0,"gender":1,"userId":"300021","level":1,"num_downgrades":1,"time_active":69,"iPad":0,"X11":0,"Windows_NT_6_3":0,"iPhone":0,"Windows_NT_6_2":0,"Macintosh":1,"Windows_NT_5_1":0,"compatible":0,"Windows_NT_6_0":0,"Windows_NT_6_1":0,"Add_Friend":0.1493288590604027,"Add_to_Playlist":0.17953020134228187,"Error":0.008389261744966443,"Help":0.026845637583892617,"Roll_Advert":0.008389261744966443,"Submit_Upgrade":0.0016778523489932886,"Thumbs_Down":0.06040268456375839,"Thumbs_Up":0.5637583892617449,"Upgrade":0.0016778523489932886,"time_session":283.0060344827586,"songs_session":65.79310344827586,"mean_time_week":1822.9574074074071,"std_time_week":853.5724208970494,"mean_artists_week":362.0,"session_week":78.96610169491525,"mean_time_last_week":139.5952380952381,"mean_time_last_month":237.58888888888887,"time_last_week_ratio":0.5875495219834181,"number_songs_last_week":231,"number_songs_last_month":1648,"number_songs_ratio":0.14016990291262135,"count_artist":121}
