{"churn_label":1,"gender":0,"userId":"58","level":1,"num_downgrades":0,"time_active":26,"iPad":0,"X11":0,"Windows_NT_6_3":1,"iPhone":0,"Windows_NT_6_2":0,"Macintosh":0,"Windows_NT_5_1":0,"compatible":0,"Windows_NT_6_0":0,"Windows_NT_6_1":0,"Add_Friend":0.09047619047619047,"Add_to_Playlist":0.23809523809523808,"Error":0.0,"Help":0.06190476190476191,"Roll_Advert":0.05238095238095238,"Submit_Upgrade":0.004761904761904762,"Thumbs_Down":0.09523809523809523,"Thumbs_Up":0.44761904761904764,"Upgrade":0.009523809523809525,"time_session":581.7902777777778,"songs_session":141.16666666666666,"mean_time_week":1745.3708333333334,"std_time_week":1643.8205024100164,"mean_artists_week":346.0,"session_week":168.91666666666666,"mean_time_last_week":561.6714285714286,"mean_time_last_month":232.71611111111108,"time_last_week_ratio":2.413547673556889,"number_songs_last_week":948,"number_songs_last_month":1694,"number_songs_ratio":0.5596221959858324,"count_artist":68}
