{"churn_label":0,"gender":1,"userId":"97","level":1,"num_downgrades":0,"time_active":87,"iPad":0,"X11":0,"Windows_NT_6_3":0,"iPhone":0,"Windows_NT_6_2":0,"Macintosh":0,"Windows_NT_5_1":1,"compatible":0,"Windows_NT_6_0":0,"Windows_NT_6_1":0,"Add_Friend":0.12355212355212356,"Add_to_Playlist":0.23552123552123552,"Error":0.003861003861003861,"Help":0.06563706563706563,"Roll_Advert":0.09266409266409266,"Submit_Upgrade":0.003861003861003861,"Thumbs_Down":0.04633204633204633,"Thumbs_Up":0.416988416988417,"Upgrade":0.011583011583011582,"time_session":268.33,"songs_session":65.83333333333333,"mean_time_week":893.3629629629629,"std_time_week":597.3099515732654,"mean_artists_week":196.33333333333334,"session_week":75.125,"mean_time_last_week":171.08333333333331,"mean_time_last_month":210.97777777777776,"time_last_week_ratio":0.8109068885611965,"number_songs_last_week":291,"number_songs_last_month":1546,"number_songs_ratio":0.18822768434670117,"count_artist":73}
