{"churn_label":0,"gender":0,"userId":"91","level":1,"num_downgrades":0,"time_active":116,"iPad":0,"X11":0,"Windows_NT_6_3":1,"iPhone":0,"Windows_NT_6_2":0,"Macintosh":0,"Windows_NT_5_1":0,"compatible":0,"Windows_NT_6_0":0,"Windows_NT_6_1":0,"Add_Friend":0.15384615384615385,"Add_to_Playlist":0.23443223443223443,"Error":0.01098901098901099,"Help":0.03296703296703297,"Roll_Advert":0.018315018315018316,"Submit_Upgrade":0.003663003663003663,"Thumbs_Down":0.08791208791208792,"Thumbs_Up":0.4542124542124542,"Upgrade":0.003663003663003663,"time_session":1179.9,"songs_session":286.6666666666667,"mean_time_week":1326.7916666666667,"std_time_week":1432.5828526138287,"mean_artists_week":266.375,"session_week":301.4,"mean_time_last_week":842.3238095238095,"mean_time_last_month":299.54277777777776,"time_last_week_ratio":2.812031776472025,"number_songs_last_week":1449,"number_songs_last_month":2184,"number_songs_ratio":0.6634615384615384,"count_artist":51}
{"churn_label":0,"gender":1,"userId":"94","level":0,"num_downgrades":0,"time_active":133,"iPad":0,"X11":0,"Windows_NT_6_3":0,"iPhone":0,"Windows_NT_6_2":1,"Macintosh":0,"Windows_NT_5_1":0,"compatible":0,"Windows_NT_6_0":0,"Windows_NT_6_1":0,"Add_Friend":0.045454545454545456,"Add_to_Playlist":0.13636363636363635,"Error":0.0,"Help":0.0,"Roll_Advert":0.5454545454545454,"Submit_Upgrade":0.0,"Thumbs_Down":0.045454545454545456,"Thumbs_Up":0.18181818181818182,"Upgrade":0.045454545454545456,"time_session":100.79722222222222,"songs_session":24.333333333333332,"mean_time_week":120.95666666666666,"std_time_week":149.97258527255352,"mean_artists_week":29.0,"session_week":31.166666666666668,"mean_time_last_week":17.273809523809526,"mean_time_last_month":17.509444444444444,"time_last_week_ratio":0.9865424102185216,"number_songs_last_week":34,"number_songs_last_month":125,"number_songs_ratio":0.272,"count_artist":4}
