{"churn_label":0,"gender":0,"userId":"300022","level":1,"num_downgrades":0,"time_active":103,"iPad":0,"X11":1,"Windows_NT_6_3":0,"iPhone":0,"Windows_NT_6_2":0,"Macintosh":0,"Windows_NT_5_1":0,"compatible":0,"Windows_NT_6_0":0,"Windows_NT_6_1":0,"Add_Friend":0.20754716981132076,"Add_to_Playlist":0.16981132075471697,"Error":0.0,"Help":0.05660377358490566,"Roll_Advert":0.0,"Submit_Upgrade":0.0,"Thumbs_Down":0.09433962264150944,"Thumbs_Up":0.4716981132075472,"Upgrade":0.0,"time_session":134.73030303030302,"songs_session":33.09090909090909,"mean_time_week":247.00555555555556,"std_time_week":270.98658549551584,"mean_artists_week":57.833333333333336,"session_week":40.54545454545455,"mean_time_last_week":40.48571428571428,"mean_time_last_month":22.37722222222222,"time_last_week_ratio":1.8092377098310712,"number_songs_last_week":71,"number_songs_last_month":165,"number_songs_ratio":0.4303030303030303,"count_artist":11}
