{"churn_label":0,"gender":1,"userId":"200007","level":1,"num_downgrades":0,"time_active":53,"iPad":0,"X11":0,"Windows_NT_6_3":0,"iPhone":0,"Windows_NT_6_2":0,"Macintosh":1,"Windows_NT_5_1":0,"compatible":0,"Windows_NT_6_0":0,"Windows_NT_6_1":0,"Add_Friend":0.16666666666666666,"Add_to_Playlist":0.0,"Error":0.16666666666666666,"Help":0.3333333333333333,"Roll_Advert":0.0,"Submit_Upgrade":0.0,"Thumbs_Down":0.0,"Thumbs_Up":0.3333333333333333,"Upgrade":0.0,"time_session":90.11111111111113,"songs_session":32.5,"mean_time_week":90.11111111111113,"std_time_week":94.71071940583269,"mean_artists_week":32.0,"session_week":25.333333333333332,"mean_time_last_week":26.976190476190478,"mean_time_last_month":9.011111111111113,"time_last_week_ratio":2.9936586225118895,"number_songs_last_week":44,"number_songs_last_month":65,"number_songs_ratio":0.676923076923077,"count_artist":2}
