{"churn_label":0,"gender":0,"userId":"153","level":1,"num_downgrades":0,"time_active":27,"iPad":0,"X11":0,"Windows_NT_6_3":0,"iPhone":0,"Windows_NT_6_2":0,"Macintosh":0,"Windows_NT_5_1":0,"compatible":0,"Windows_NT_6_0":0,"Windows_NT_6_1":1,"Add_Friend":0.13793103448275862,"Add_to_Playlist":0.27586206896551724,"Error":0.02586206896551724,"Help":0.0603448275862069,"Roll_Advert":0.0,"Submit_Upgrade":0.008620689655172414,"Thumbs_Down":0.034482758620689655,"Thumbs_Up":0.4482758620689655,"Upgrade":0.008620689655172414,"time_session":437.12222222222215,"songs_session":104.55555555555556,"mean_time_week":983.5250000000001,"std_time_week":522.0039350816627,"mean_artists_week":210.5,"session_week":125.66666666666667,"mean_time_last_week":172.6,"mean_time_last_month":131.13666666666668,"time_last_week_ratio":1.3161841336010776,"number_songs_last_week":279,"number_songs_last_month":941,"number_songs_ratio":0.2964930924548353,"count_artist":32}
{"churn_label":1,"gender":0,"userId":"200020","level":0,"num_downgrades":1,"time_active":76,"iPad":0,"X11":0,"Windows_NT_6_3":0,"iPhone":0,"Windows_NT_6_2":0,"Macintosh":1,"Windows_NT_5_1":0,"compatible":0,"Windows_NT_6_0":0,"Windows_NT_6_1":0,"Add_Friend":0.04608294930875576,"Add_to_Playlist":0.14746543778801843,"Error":0.0,"Help":0.03225806451612903,"Roll_Advert":0.31797235023041476,"Submit_Upgrade":0.004608294930875576,"Thumbs_Down":0.16589861751152074,"Thumbs_Up":0.25806451612903225,"Upgrade":0.027649769585253458,"time_session":130.1175925925926,"songs_session":33.4,"mean_time_week":669.1761904761904,"std_time_week":505.6442773972135,"mean_artists_week":153.71428571428572,"session_week":41.611111111111114,"mean_time_last_week":81.96428571428571,"mean_time_last_month":111.64111111111109,"time_last_week_ratio":0.7341765492884655,"number_songs_last_week":145,"number_songs_last_month":832,"number_songs_ratio":0.17427884615384615,"count_artist":36}
