{"churn_label":0,"gender":0,"userId":"56","level":1,"num_downgrades":0,"time_active":67,"iPad":0,"X11":0,"Windows_NT_6_3":0,"iPhone":0,"Windows_NT_6_2":0,"Macintosh":1,"Windows_NT_5_1":0,"compatible":0,"Windows_NT_6_0":0,"Windows_NT_6_1":0,"Add_Friend":0.1590909090909091,"Add_to_Playlist":0.15151515151515152,"Error":0.007575757575757576,"Help":0.06818181818181818,"Roll_Advert":0.14393939393939395,"Submit_Upgrade":0.007575757575757576,"Thumbs_Down":0.05303030303030303,"Thumbs_Up":0.3712121212121212,"Upgrade":0.03787878787878788,"time_session":140.47142857142856,"songs_session":36.7,"mean_time_week":368.7375,"std_time_week":233.84917839095988,"mean_artists_week":86.125,"session_week":45.476190476190474,"mean_time_last_week":109.22857142857141,"mean_time_last_month":71.06500000000001,"time_last_week_ratio":1.537023449357228,"number_songs_last_week":185,"number_songs_last_month":526,"number_songs_ratio":0.3517110266159696,"count_artist":22}
