{"churn_label":1,"gender":1,"userId":"200021","level":1,"num_downgrades":0,"time_active":71,"iPad":0,"X11":0,"Windows_NT_6_3":0,"iPhone":0,"Windows_NT_6_2":0,"Macintosh":1,"Windows_NT_5_1":0,"compatible":0,"Windows_NT_6_0":0,"Windows_NT_6_1":0,"Add_Friend":0.11949685534591195,"Add_to_Playlist":0.18867924528301888,"Error":0.006289308176100629,"Help":0.025157232704402517,"Roll_Advert":0.06918238993710692,"Submit_Upgrade":0.006289308176100629,"Thumbs_Down":0.22012578616352202,"Thumbs_Up":0.34591194968553457,"Upgrade":0.018867924528301886,"time_session":291.1058823529412,"songs_session":76.6875,"mean_time_week":989.76,"std_time_week":705.1692146806562,"mean_artists_week":217.4,"session_week":88.3529411764706,"mean_time_last_week":196.48809523809524,"mean_time_last_month":164.96,"time_last_week_ratio":1.1911256985820515,"number_songs_last_week":330,"number_songs_last_month":1227,"number_songs_ratio":0.26894865525672373,"count_artist":34}
