{"churn_label":0,"gender":1,"userId":"155","level":1,"num_downgrades":0,"time_active":24,"iPad":0,"X11":0,"Windows_NT_6_3":0,"iPhone":0,"Windows_NT_6_2":0,"Macintosh":0,"Windows_NT_5_1":0,"compatible":0,"Windows_NT_6_0":0,"Windows_NT_6_1":1,"Add_Friend":0.09243697478991597,"Add_to_Playlist":0.20168067226890757,"Error":0.025210084033613446,"Help":0.07563025210084033,"Roll_Advert":0.06722689075630252,"Submit_Upgrade":0.008403361344537815,"Thumbs_Down":0.025210084033613446,"Thumbs_Up":0.48739495798319327,"Upgrade":0.01680672268907563,"time_session":548.5722222222222,"songs_session":136.66666666666666,"mean_time_week":822.8583333333331,"std_time_week":405.9593752481297,"mean_artists_week":186.75,"session_week":167.0,"mean_time_last_week":157.1547619047619,"mean_time_last_month":109.71444444444445,"time_last_week_ratio":1.432398101275895,"number_songs_last_week":269,"number_songs_last_month":820,"number_songs_ratio":0.3280487804878049,"count_artist":169}
