{"churn_label":0,"gender":0,"userId":"126","level":1,"num_downgrades":0,"time_active":62,"iPad":0,"X11":0,"Windows_NT_6_3":0,"iPhone":0,"Windows_NT_6_2":0,"Macintosh":0,"Windows_NT_5_1":0,"compatible":0,"Windows_NT_6_0":0,"Windows_NT_6_1":1,"Add_Friend":0.10410094637223975,"Add_to_Playlist":0.22712933753943218,"Error":0.006309148264984227,"Help":0.0473186119873817,"Roll_Advert":0.11041009463722397,"Submit_Upgrade":0.0031545741324921135,"Thumbs_Down":0.06624605678233439,"Thumbs_Up":0.42586750788643535,"Upgrade":0.00946372239747634,"time_session":357.505,"songs_session":88.86206896551724,"mean_time_week":1191.6833333333334,"std_time_week":1104.1387844592828,"mean_artists_week":246.77777777777777,"session_week":103.4,"mean_time_last_week":231.1809523809524,"mean_time_last_month":161.3422222222222,"time_last_week_ratio":1.4328608419843065,"number_songs_last_week":398,"number_songs_last_month":1163,"number_songs_ratio":0.3422184006878762,"count_artist":171}
{"churn_label":0,"gender":0,"userId":"131","level":0,"num_downgrades":2,"time_active":121,"iPad":0,"X11":0,"Windows_NT_6_3":0,"iPhone":0,"Windows_NT_6_2":0,"Macintosh":1,"Windows_NT_5_1":0,"compatible":0,"Windows_NT_6_0":0,"Windows_NT_6_1":0,"Add_Friend":0.13471502590673576,"Add_to_Playlist":0.26424870466321243,"Error":0.02072538860103627,"Help":0.06735751295336788,"Roll_Advert":0.025906735751295335,"Submit_Upgrade":0.0051813471502590676,"Thumbs_Down":0.10362694300518134,"Thumbs_Up":0.37305699481865284,"Upgrade":0.0051813471502590676,"time_session":340.22456140350874,"songs_session":92.0,"mean_time_week":808.0333333333333,"std_time_week":667.4212372531368,"mean_artists_week":200.28571428571428,"session_week":98.05263157894737,"mean_time_last_week":27.428571428571427,"mean_time_last_month":61.152777777777786,"time_last_week_ratio":0.44852535608838123,"number_songs_last_week":142,"number_songs_last_month":596,"number_songs_ratio":0.23825503355704697,"count_artist":100}
{"churn_label":0,"gender":1,"userId":"140","level":1,"num_downgrades":3,"time_active":80,"iPad":0,"X11":0,"Windows_NT_6_3":0,"iPhone":0,"Windows_NT_6_2":0,"Macintosh":0,"Windows_NT_5_1":0,"compatible":0,"Windows_NT_6_0":0,"Windows_NT_6_1":1,"Add_Friend":0.1821656050955414,"Add_to_Playlist":0.18853503184713377,"Error":0.008917197452229299,"Help":0.04331210191082802,"Roll_Advert":0.11082802547770701,"Submit_Upgrade":0.005095541401273885,"Thumbs_Down":0.09554140127388536,"Thumbs_Up":0.35286624203821654,"Upgrade":0.012738853503184714,"time_session":328.0652582159624,"songs_session":84.53731343283582,"mean_time_week":2587.725925925926,"std_time_week":887.382719563514,"mean_artists_week":512.0,"session_week":95.55555555555556,"mean_time_last_week":370.3238095238095,"mean_time_last_month":448.31333333333333,"time_last_week_ratio":0.8260379114097495,"number_songs_last_week":625,"number_songs_last_month":3267,"number_songs_ratio":0.19130700948882767,"count_artist":353}
{"churn_label":1,"gender":1,"userId":"17","level":1,"num_downgrades":0,"time_active":13,"iPad":0,"X11":0,"Windows_NT_6_3":0,"iPhone":0,"Windows_NT_6_2":0,"Macintosh":0,"Windows_NT_5_1":0,"compatible":0,"Windows_NT_6_0":0,"Windows_NT_6_1":1,"Add_Friend":0.11009174311926606,"Add_to_Playlist":0.27522935779816515,"Error":0.0,"Help":0.045871559633027525,"Roll_Advert":0.03669724770642202,"Submit_Upgrade":0.009174311926605505,"Thumbs_Down":0.11926605504587157,"Thumbs_Up":0.3669724770642202,"Upgrade":0.03669724770642202,"time_session":601.25,"songs_session":132.42857142857142,"mean_time_week":2102.075,"std_time_week":2534.3767697897642,"mean_artists_week":384.0,"session_week":137.75,"mean_time_last_week":578.5380952380953,"mean_time_last_month":140.29166666666666,"time_last_week_ratio":4.12382366668081,"number_songs_last_week":891,"number_songs_last_month":927,"number_songs_ratio":0.9611650485436893,"count_artist":57}
