{"churn_label":0,"gender":0,"userId":"5","level":0,"num_downgrades":0,"time_active":49,"iPad":0,"X11":0,"Windows_NT_6_3":0,"iPhone":0,"Windows_NT_6_2":0,"Macintosh":0,"Windows_NT_5_1":0,"compatible":0,"Windows_NT_6_0":0,"Windows_NT_6_1":1,"Add_Friend":0.08108108108108109,"Add_to_Playlist":0.21621621621621623,"Error":0.0,"Help":0.05405405405405406,"Roll_Advert":0.2972972972972973,"Submit_Upgrade":0.0,"Thumbs_Down":0.0,"Thumbs_Up":0.2972972972972973,"Upgrade":0.05405405405405406,"time_session":106.19166666666666,"songs_session":32.2,"mean_time_week":159.2875,"std_time_week":138.92346772327295,"mean_artists_week":52.666666666666664,"session_week":36.333333333333336,"mean_time_last_week":31.39047619047619,"mean_time_last_month":19.281666666666663,"time_last_week_ratio":1.627995999160318,"number_songs_last_week":54,"number_songs_last_month":145,"number_songs_ratio":0.3724137931034483,"count_artist":12}
