{"churn_label":1,"gender":1,"userId":"100013","level":1,"num_downgrades":0,"time_active":44,"iPad":0,"X11":0,"Windows_NT_6_3":0,"iPhone":0,"Windows_NT_6_2":0,"Macintosh":0,"Windows_NT_5_1":0,"compatible":0,"Windows_NT_6_0":0,"Windows_NT_6_1":1,"Add_Friend":0.16666666666666666,"Add_to_Playlist":0.18452380952380953,"Error":0.011904761904761904,"Help":0.05357142857142857,"Roll_Advert":0.23214285714285715,"Submit_Upgrade":0.005952380952380952,"Thumbs_Down":0.08928571428571429,"Thumbs_Up":0.23214285714285715,"Upgrade":0.023809523809523808,"time_session":329.99880952380954,"songs_session":87.0,"mean_time_week":1154.9958333333334,"std_time_week":546.937109150349,"mean_artists_week":249.0,"session_week":99.42857142857143,"mean_time_last_week":165.80238095238096,"mean_time_last_month":148.72388888888887,"time_last_week_ratio":1.114833549546646,"number_songs_last_week":290,"number_songs_last_month":1091,"number_songs_ratio":0.26581118240146656,"count_artist":42}
{"churn_label":0,"gender":0,"userId":"142","level":1,"num_downgrades":0,"time_active":63,"iPad":0,"X11":0,"Windows_NT_6_3":0,"iPhone":0,"Windows_NT_6_2":0,"Macintosh":1,"Windows_NT_5_1":0,"compatible":0,"Windows_NT_6_0":0,"Windows_NT_6_1":0,"Add_Friend":0.12334801762114538,"Add_to_Playlist":0.22026431718061673,"Error":0.022026431718061675,"Help":0.06607929515418502,"Roll_Advert":0.013215859030837005,"Submit_Upgrade":0.004405286343612335,"Thumbs_Down":0.05726872246696035,"Thumbs_Up":0.4889867841409692,"Upgrade":0.004405286343612335,"time_session":492.1614583333333,"songs_session":117.1875,"mean_time_week":1124.9404761904761,"std_time_week":889.8502415542629,"mean_artists_week":232.71428571428572,"session_week":140.0,"mean_time_last_week":95.12857142857142,"mean_time_last_month":102.80944444444445,"time_last_week_ratio":0.9252902001622665,"number_songs_last_week":161,"number_songs_last_month":737,"number_songs_ratio":0.21845318860244234,"count_artist":60}
