{"churn_label":0,"gender":1,"userId":"200010","level":0,"num_downgrades":0,"time_active":38,"iPad":0,"X11":1,"Windows_NT_6_3":0,"iPhone":0,"Windows_NT_6_2":0,"Macintosh":0,"Windows_NT_5_1":0,"compatible":0,"Windows_NT_6_0":0,"Windows_NT_6_1":0,"Add_Friend":0.14285714285714285,"Add_to_Playlist":0.08928571428571429,"Error":0.017857142857142856,"Help":0.017857142857142856,"Roll_Advert":0.30357142857142855,"Submit_Upgrade":0.0,"Thumbs_Down":0.125,"Thumbs_Up":0.25,"Upgrade":0.05357142857142857,"time_session":163.16388888888886,"songs_session":39.5,"mean_time_week":244.74583333333334,"std_time_week":240.85200557180954,"mean_artists_week":55.75,"session_week":52.833333333333336,"mean_time_last_week":0.0023809523809523807,"mean_time_last_month":32.632777777777775,"time_last_week_ratio":7.296198923567452E-5,"number_songs_last_week":1,"number_songs_last_month":237,"number_songs_ratio":0.004219409282700422,"count_artist":41}
{"churn_label":0,"gender":0,"userId":"64","level":0,"num_downgrades":0,"time_active":49,"iPad":0,"X11":0,"Windows_NT_6_3":0,"iPhone":0,"Windows_NT_6_2":0,"Macintosh":1,"Windows_NT_5_1":0,"compatible":0,"Windows_NT_6_0":0,"Windows_NT_6_1":0,"Add_Friend":0.4166666666666667,"Add_to_Playlist":0.08333333333333333,"Error":0.0,"Help":0.08333333333333333,"Roll_Advert":0.08333333333333333,"Submit_Upgrade":0.0,"Thumbs_Down":0.0,"Thumbs_Up":0.3333333333333333,"Upgrade":0.0,"time_session":59.99444444444445,"songs_session":15.333333333333334,"mean_time_week":59.99444444444445,"std_time_week":63.87723541061952,"mean_artists_week":15.333333333333334,"session_week":22.666666666666668,"mean_time_last_week":25.695238095238096,"mean_time_last_month":5.999444444444445,"time_last_week_ratio":4.282936250711044,"number_songs_last_week":45,"number_songs_last_month":46,"number_songs_ratio":0.9782608695652174,"count_artist":5}
