{"churn_label":0,"gender":0,"userId":"300019","level":1,"num_downgrades":0,"time_active":85,"iPad":0,"X11":0,"Windows_NT_6_3":0,"iPhone":0,"Windows_NT_6_2":0,"Macintosh":0,"Windows_NT_5_1":0,"compatible":0,"Windows_NT_6_0":0,"Windows_NT_6_1":1,"Add_Friend":0.13286713286713286,"Add_to_Playlist":0.16783216783216784,"Error":0.0,"Help":0.04895104895104895,"Roll_Advert":0.0,"Submit_Upgrade":0.006993006993006993,"Thumbs_Down":0.055944055944055944,"Thumbs_Up":0.5804195804195804,"Upgrade":0.006993006993006993,"time_session":367.4703703703704,"songs_session":88.66666666666667,"mean_time_week":472.4619047619048,"std_time_week":581.1203762842981,"mean_artists_week":103.57142857142857,"session_week":108.44444444444444,"mean_time_last_week":99.58571428571429,"mean_time_last_month":35.88333333333333,"time_last_week_ratio":2.7752637515758742,"number_songs_last_week":167,"number_songs_last_month":257,"number_songs_ratio":0.6498054474708171,"count_artist":50}
