{"churn_label":0,"gender":1,"userId":"2","level":1,"num_downgrades":0,"time_active":69,"iPad":0,"X11":0,"Windows_NT_6_3":0,"iPhone":0,"Windows_NT_6_2":0,"Macintosh":0,"Windows_NT_5_1":0,"compatible":0,"Windows_NT_6_0":0,"Windows_NT_6_1":1,"Add_Friend":0.2777777777777778,"Add_to_Playlist":0.18055555555555555,"Error":0.0,"Help":0.05555555555555555,"Roll_Advert":0.0,"Submit_Upgrade":0.0,"Thumbs_Down":0.08333333333333333,"Thumbs_Up":0.4027777777777778,"Upgrade":0.0,"time_session":445.0166666666667,"songs_session":107.85714285714286,"mean_time_week":519.1861111111111,"std_time_week":531.8697440180742,"mean_artists_week":113.33333333333333,"session_week":128.42857142857142,"mean_time_last_week":46.49285714285714,"mean_time_last_month":53.63666666666667,"time_last_week_ratio":0.8668110833917806,"number_songs_last_week":80,"number_songs_last_month":396,"number_songs_ratio":0.20202020202020202,"count_artist":23}
