{"churn_label":0,"gender":1,"userId":"39","level":1,"num_downgrades":3,"time_active":168,"iPad":0,"X11":0,"Windows_NT_6_3":0,"iPhone":0,"Windows_NT_6_2":0,"Macintosh":0,"Windows_NT_5_1":0,"compatible":0,"Windows_NT_6_0":0,"Windows_NT_6_1":1,"Add_Friend":0.11984282907662082,"Add_to_Playlist":0.2357563850687623,"Error":0.0068762278978389,"Help":0.04518664047151277,"Roll_Advert":0.12573673870333987,"Submit_Upgrade":0.003929273084479371,"Thumbs_Down":0.06777996070726916,"Thumbs_Up":0.381139489194499,"Upgrade":0.0137524557956778,"time_session":306.6059190031152,"songs_session":77.68932038834951,"mean_time_week":3643.9388888888893,"std_time_week":1860.9148421654513,"mean_artists_week":683.6666666666666,"session_week":88.36697247706422,"mean_time_last_week":185.8595238095238,"mean_time_last_month":415.05500000000006,"time_last_week_ratio":0.4477949279240674,"number_songs_last_week":330,"number_songs_last_month":3037,"number_songs_ratio":0.10865986170563055,"count_artist":251}
