{"churn_label":0,"gender":1,"userId":"46","level":1,"num_downgrades":0,"time_active":63,"iPad":0,"X11":0,"Windows_NT_6_3":0,"iPhone":0,"Windows_NT_6_2":0,"Macintosh":1,"Windows_NT_5_1":0,"compatible":0,"Windows_NT_6_0":0,"Windows_NT_6_1":0,"Add_Friend":0.1487603305785124,"Add_to_Playlist":0.24793388429752067,"Error":0.0,"Help":0.024793388429752067,"Roll_Advert":0.10743801652892562,"Submit_Upgrade":0.008264462809917356,"Thumbs_Down":0.09090909090909091,"Thumbs_Up":0.36363636363636365,"Upgrade":0.008264462809917356,"time_session":378.0466666666666,"songs_session":91.8,"mean_time_week":630.0777777777777,"std_time_week":823.0147652021441,"mean_artists_week":134.33333333333334,"session_week":112.0,"mean_time_last_week":68.62142857142858,"mean_time_last_month":114.92388888888887,"time_last_week_ratio":0.5971032588165669,"number_songs_last_week":118,"number_songs_last_month":837,"number_songs_ratio":0.14097968936678615,"count_artist":67}
