{"churn_label":1,"gender":0,"userId":"100023","level":1,"num_downgrades":0,"time_active":33,"iPad":0,"X11":0,"Windows_NT_6_3":0,"iPhone":0,"Windows_NT_6_2":0,"Macintosh":0,"Windows_NT_5_1":0,"compatible":0,"Windows_NT_6_0":0,"Windows_NT_6_1":1,"Add_Friend":0.2916666666666667,"Add_to_Playlist":0.22916666666666666,"Error":0.0,"Help":0.0625,"Roll_Advert":0.125,"Submit_Upgrade":0.020833333333333332,"Thumbs_Down":0.041666666666666664,"Thumbs_Up":0.20833333333333334,"Upgrade":0.020833333333333332,"time_session":171.16000000000003,"songs_session":40.7,"mean_time_week":855.8000000000001,"std_time_week":601.535738755396,"mean_artists_week":185.0,"session_week":49.4,"mean_time_last_week":183.02142857142854,"mean_time_last_month":57.053333333333335,"time_last_week_ratio":3.2079007111140783,"number_songs_last_week":309,"number_songs_last_month":407,"number_songs_ratio":0.7592137592137592,"count_artist":14}
