{"churn_label":0,"gender":0,"userId":"37","level":1,"num_downgrades":0,"time_active":94,"iPad":0,"X11":0,"Windows_NT_6_3":0,"iPhone":0,"Windows_NT_6_2":0,"Macintosh":0,"Windows_NT_5_1":0,"compatible":0,"Windows_NT_6_0":0,"Windows_NT_6_1":1,"Add_Friend":0.19411764705882353,"Add_to_Playlist":0.21764705882352942,"Error":0.01764705882352941,"Help":0.029411764705882353,"Roll_Advert":0.023529411764705882,"Submit_Upgrade":0.0058823529411764705,"Thumbs_Down":0.06470588235294118,"Thumbs_Up":0.4411764705882353,"Upgrade":0.0058823529411764705,"time_session":392.81111111111113,"songs_session":100.85714285714286,"mean_time_week":735.9208333333333,"std_time_week":519.1608577791665,"mean_artists_week":159.875,"session_week":105.125,"mean_time_last_week":336.17857142857144,"mean_time_last_month":118.63888888888889,"time_last_week_ratio":2.833628792186507,"number_songs_last_week":553,"number_songs_last_month":843,"number_songs_ratio":0.6559905100830368,"count_artist":43}
