{"churn_label":1,"gender":0,"userId":"121","level":1,"num_downgrades":0,"time_active":132,"iPad":0,"X11":1,"Windows_NT_6_3":0,"iPhone":0,"Windows_NT_6_2":0,"Macintosh":0,"Windows_NT_5_1":0,"compatible":0,"Windows_NT_6_0":0,"Windows_NT_6_1":0,"Add_Friend":0.18018018018018017,"Add_to_Playlist":0.18018018018018017,"Error":0.0,"Help":0.02702702702702703,"Roll_Advert":0.25225225225225223,"Submit_Upgrade":0.009009009009009009,"Thumbs_Down":0.07207207207207207,"Thumbs_Up":0.25225225225225223,"Upgrade":0.02702702702702703,"time_session":225.61025641025645,"songs_session":55.84615384615385,"mean_time_week":977.6444444444445,"std_time_week":110.73167560134497,"mean_artists_week":220.33333333333334,"session_week":70.46153846153847,"mean_time_last_week":282.4619047619048,"mean_time_last_month":97.76444444444445,"time_last_week_ratio":2.8892089180992215,"number_songs_last_week":490,"number_songs_last_month":726,"number_songs_ratio":0.6749311294765841,"count_artist":22}
{"churn_label":0,"gender":0,"userId":"4","level":1,"num_downgrades":0,"time_active":63,"iPad":0,"X11":0,"Windows_NT_6_3":0,"iPhone":0,"Windows_NT_6_2":0,"Macintosh":0,"Windows_NT_5_1":0,"compatible":0,"Windows_NT_6_0":1,"Windows_NT_6_1":0,"Add_Friend":0.18326693227091634,"Add_to_Playlist":0.2350597609561753,"Error":0.01593625498007968,"Help":0.04780876494023904,"Roll_Advert":0.01593625498007968,"Submit_Upgrade":0.00398406374501992,"Thumbs_Down":0.10358565737051793,"Thumbs_Up":0.3784860557768924,"Upgrade":0.01593625498007968,"time_session":379.3386363636364,"songs_session":93.0909090909091,"mean_time_week":926.1499999999999,"std_time_week":888.9777112957082,"mean_artists_week":198.55555555555554,"session_week":101.75,"mean_time_last_week":202.74761904761903,"mean_time_last_month":160.39111111111112,"time_last_week_ratio":1.2640826392627544,"number_songs_last_week":361,"number_songs_last_month":1183,"number_songs_ratio":0.305156382079459,"count_artist":53}
