{"churn_label":0,"gender":1,"userId":"84","level":0,"num_downgrades":0,"time_active":53,"iPad":0,"X11":0,"Windows_NT_6_3":0,"iPhone":0,"Windows_NT_6_2":0,"Macintosh":0,"Windows_NT_5_1":0,"compatible":0,"Windows_NT_6_0":0,"Windows_NT_6_1":1,"Add_Friend":0.0,"Add_to_Playlist":0.11764705882352941,"Error":0.0,"Help":0.058823529411764705,"Roll_Advert":0.5882352941176471,"Submit_Upgrade":0.0,"Thumbs_Down":0.0,"Thumbs_Up":0.23529411764705882,"Upgrade":0.0,"time_session":95.5,"songs_session":24.333333333333332,"mean_time_week":143.25,"std_time_week":60.080506174817,"mean_artists_week":36.0,"session_week":32.333333333333336,"mean_time_last_week":20.84047619047619,"mean_time_last_month":9.55,"time_last_week_ratio":2.182248815756669,"number_songs_last_week":39,"number_songs_last_month":73,"number_songs_ratio":0.5342465753424658,"count_artist":0}
