{"churn_label":0,"gender":0,"userId":"152","level":1,"num_downgrades":0,"time_active":32,"iPad":1,"X11":0,"Windows_NT_6_3":0,"iPhone":0,"Windows_NT_6_2":0,"Macintosh":0,"Windows_NT_5_1":0,"compatible":0,"Windows_NT_6_0":0,"Windows_NT_6_1":0,"Add_Friend":0.1276595744680851,"Add_to_Playlist":0.22872340425531915,"Error":0.010638297872340425,"Help":0.047872340425531915,"Roll_Advert":0.07446808510638298,"Submit_Upgrade":0.005319148936170213,"Thumbs_Down":0.06382978723404255,"Thumbs_Up":0.4308510638297872,"Upgrade":0.010638297872340425,"time_session":292.025,"songs_session":74.15789473684211,"mean_time_week":1168.1000000000001,"std_time_week":1112.5682262475214,"mean_artists_week":239.6,"session_week":84.1,"mean_time_last_week":512.5142857142857,"mean_time_last_month":193.66611111111115,"time_last_week_ratio":2.6463808395483466,"number_songs_last_week":848,"number_songs_last_month":1401,"number_songs_ratio":0.6052819414703783,"count_artist":32}
