{"churn_label":0,"gender":0,"userId":"300025","level":1,"num_downgrades":0,"time_active":77,"iPad":0,"X11":0,"Windows_NT_6_3":0,"iPhone":0,"Windows_NT_6_2":0,"Macintosh":0,"Windows_NT_5_1":0,"compatible":0,"Windows_NT_6_0":0,"Windows_NT_6_1":1,"Add_Friend":0.07589285714285714,"Add_to_Playlist":0.1875,"Error":0.008928571428571428,"Help":0.026785714285714284,"Roll_Advert":0.008928571428571428,"Submit_Upgrade":0.004464285714285714,"Thumbs_Down":0.05803571428571429,"Thumbs_Up":0.6205357142857143,"Upgrade":0.008928571428571428,"time_session":327.2885416666667,"songs_session":81.0625,"mean_time_week":654.1104166666668,"std_time_week":753.2904634313559,"mean_artists_week":144.0,"session_week":94.29411764705883,"mean_time_last_week":195.72619047619045,"mean_time_last_month":61.20611111111111,"time_last_week_ratio":3.1978210496150785,"number_songs_last_week":341,"number_songs_last_month":466,"number_songs_ratio":0.7317596566523605,"count_artist":38}
{"churn_label":0,"gender":0,"userId":"79","level":1,"num_downgrades":0,"time_active":76,"iPad":0,"X11":0,"Windows_NT_6_3":0,"iPhone":1,"Windows_NT_6_2":0,"Macintosh":0,"Windows_NT_5_1":0,"compatible":0,"Windows_NT_6_0":0,"Windows_NT_6_1":0,"Add_Friend":0.06521739130434782,"Add_to_Playlist":0.13043478260869565,"Error":0.0,"Help":0.0,"Roll_Advert":0.3695652173913043,"Submit_Upgrade":0.021739130434782608,"Thumbs_Down":0.043478260869565216,"Thumbs_Up":0.2826086956521739,"Upgrade":0.08695652173913043,"time_session":207.91,"songs_session":50.2,"mean_time_week":259.88750000000005,"std_time_week":219.15894214313113,"mean_artists_week":60.25,"session_week":64.2,"mean_time_last_week":5.902380952380953,"mean_time_last_month":23.038333333333338,"time_last_week_ratio":0.2561982616963446,"number_songs_last_week":10,"number_songs_last_month":167,"number_songs_ratio":0.059880239520958084,"count_artist":6}
