{"churn_label":0,"gender":1,"userId":"16","level":1,"num_downgrades":0,"time_active":81,"iPad":0,"X11":0,"Windows_NT_6_3":1,"iPhone":0,"Windows_NT_6_2":0,"Macintosh":0,"Windows_NT_5_1":0,"compatible":0,"Windows_NT_6_0":0,"Windows_NT_6_1":0,"Add_Friend":0.10101010101010101,"Add_to_Playlist":0.1919191919191919,"Error":0.0,"Help":0.08080808080808081,"Roll_Advert":0.12121212121212122,"Submit_Upgrade":0.010101010101010102,"Thumbs_Down":0.04040404040404041,"Thumbs_Up":0.42424242424242425,"Upgrade":0.030303030303030304,"time_session":312.7092592592592,"songs_session":75.0,"mean_time_week":469.06388888888887,"std_time_week":440.2848604933284,"mean_artists_week":104.33333333333333,"session_week":91.0,"mean_time_last_week":62.2952380952381,"mean_time_last_month":20.61888888888889,"time_last_week_ratio":3.021270371596394,"number_songs_last_week":114,"number_songs_last_month":161,"number_songs_ratio":0.7080745341614907,"count_artist":68}
{"churn_label":0,"gender":1,"userId":"35","level":0,"num_downgrades":2,"time_active":76,"iPad":0,"X11":0,"Windows_NT_6_3":0,"iPhone":0,"Windows_NT_6_2":0,"Macintosh":1,"Windows_NT_5_1":0,"compatible":0,"Windows_NT_6_0":0,"Windows_NT_6_1":0,"Add_Friend":0.12156862745098039,"Add_to_Playlist":0.25098039215686274,"Error":0.011764705882352941,"Help":0.03529411764705882,"Roll_Advert":0.21568627450980393,"Submit_Upgrade":0.00784313725490196,"Thumbs_Down":0.054901960784313725,"Thumbs_Up":0.2784313725490196,"Upgrade":0.023529411764705882,"time_session":174.05921052631575,"songs_session":44.72222222222222,"mean_time_week":734.9166666666666,"std_time_week":574.10826644216,"mean_artists_week":161.66666666666666,"session_week":52.76315789473684,"mean_time_last_week":43.2047619047619,"mean_time_last_month":98.36277777777774,"time_last_week_ratio":0.43923893652506,"number_songs_last_week":79,"number_songs_last_month":725,"number_songs_ratio":0.10896551724137932,"count_artist":157}
{"churn_label":0,"gender":1,"userId":"52","level":1,"num_downgrades":0,"time_active":102,"iPad":0,"X11":0,"Windows_NT_6_3":0,"iPhone":0,"Windows_NT_6_2":0,"Macintosh":0,"Windows_NT_5_1":0,"compatible":0,"Windows_NT_6_0":0,"Windows_NT_6_1":1,"Add_Friend":0.22727272727272727,"Add_to_Playlist":0.1875,"Error":0.0,"Help":0.03977272727272727,"Roll_Advert":0.16477272727272727,"Submit_Upgrade":0.005681818181818182,"Thumbs_Down":0.05113636363636364,"Thumbs_Up":0.3068181818181818,"Upgrade":0.017045454545454544,"time_session":333.0155555555555,"songs_session":72.4,"mean_time_week":555.025925925926,"std_time_week":432.62881247406074,"mean_artists_week":112.88888888888889,"session_week":90.86666666666666,"mean_time_last_week":28.807142857142857,"mean_time_last_month":127.0838888888889,"time_last_week_ratio":0.22667816596586307,"number_songs_last_week":51,"number_songs_last_month":853,"number_songs_ratio":0.059788980070339975,"count_artist":103}
