{"churn_label":1,"gender":1,"userId":"12","level":1,"num_downgrades":1,"time_active":73,"iPad":0,"X11":0,"Windows_NT_6_3":1,"iPhone":0,"Windows_NT_6_2":0,"Macintosh":0,"Windows_NT_5_1":0,"compatible":0,"Windows_NT_6_0":0,"Windows_NT_6_1":0,"Add_Friend":0.10743801652892562,"Add_to_Playlist":0.15702479338842976,"Error":0.01652892561983471,"Help":0.049586776859504134,"Roll_Advert":0.17355371900826447,"Submit_Upgrade":0.01652892561983471,"Thumbs_Down":0.0743801652892562,"Thumbs_Up":0.34710743801652894,"Upgrade":0.05785123966942149,"time_session":457.5425925925926,"songs_session":96.33333333333333,"mean_time_week":1029.4708333333333,"std_time_week":1010.8806735616997,"mean_artists_week":193.75,"session_week":118.22222222222223,"mean_time_last_week":253.22142857142856,"mean_time_last_month":137.26277777777779,"time_last_week_ratio":1.8447931236054582,"number_songs_last_week":372,"number_songs_last_month":867,"number_songs_ratio":0.4290657439446367,"count_artist":23}
