{"churn_label":0,"gender":1,"userId":"100008","level":0,"num_downgrades":1,"time_active":68,"iPad":0,"X11":0,"Windows_NT_6_3":0,"iPhone":0,"Windows_NT_6_2":0,"Macintosh":1,"Windows_NT_5_1":0,"compatible":0,"Windows_NT_6_0":0,"Windows_NT_6_1":0,"Add_Friend":0.14166666666666666,"Add_to_Playlist":0.25,"Error":0.0,"Help":0.05,"Roll_Advert":0.16666666666666666,"Submit_Upgrade":0.0,"Thumbs_Down":0.05,"Thumbs_Up":0.30833333333333335,"Upgrade":0.03333333333333333,"time_session":528.2527777777779,"songs_session":128.66666666666666,"mean_time_week":792.3791666666667,"std_time_week":839.4904234089693,"mean_artists_week":174.0,"session_week":156.66666666666666,"mean_time_last_week":308.81190476190477,"mean_time_last_month":72.05611111111111,"time_last_week_ratio":4.2857142857142865,"number_songs_last_week":525,"number_songs_last_month":525,"number_songs_ratio":1.0,"count_artist":62}
{"churn_label":0,"gender":0,"userId":"47","level":0,"num_downgrades":0,"time_active":132,"iPad":0,"X11":0,"Windows_NT_6_3":0,"iPhone":0,"Windows_NT_6_2":0,"Macintosh":1,"Windows_NT_5_1":0,"compatible":0,"Windows_NT_6_0":0,"Windows_NT_6_1":0,"Add_Friend":0.0,"Add_to_Playlist":0.0967741935483871,"Error":0.0,"Help":0.03225806451612903,"Roll_Advert":0.4838709677419355,"Submit_Upgrade":0.0,"Thumbs_Down":0.06451612903225806,"Thumbs_Up":0.3225806451612903,"Upgrade":0.0,"time_session":87.27962962962962,"songs_session":25.25,"mean_time_week":112.21666666666667,"std_time_week":120.13885985869912,"mean_artists_week":33.333333333333336,"session_week":27.88888888888889,"mean_time_last_week":26.63809523809524,"mean_time_last_month":17.71777777777778,"time_last_week_ratio":1.503467058465177,"number_songs_last_week":50,"number_songs_last_month":131,"number_songs_ratio":0.3816793893129771,"count_artist":15}
{"churn_label":0,"gender":1,"userId":"99","level":1,"num_downgrades":0,"time_active":133,"iPad":0,"X11":0,"Windows_NT_6_3":0,"iPhone":0,"Windows_NT_6_2":0,"Macintosh":0,"Windows_NT_5_1":0,"compatible":0,"Windows_NT_6_0":0,"Windows_NT_6_1":1,"Add_Friend":0.17391304347826086,"Add_to_Playlist":0.15942028985507245,"Error":0.0,"Help":0.014492753623188406,"Roll_Advert":0.14492753623188406,"Submit_Upgrade":0.014492753623188406,"Thumbs_Down":0.07246376811594203,"Thumbs_Up":0.391304347826087,"Upgrade":0.028985507246376812,"time_session":190.49696969696967,"songs_session":45.90909090909091,"mean_time_week":296.9761904761904,"std_time_week":270.5896635226316,"mean_artists_week":67.85714285714286,"session_week":51.166666666666664,"mean_time_last_week":175.13333333333335,"mean_time_last_month":61.49555555555556,"time_last_week_ratio":2.847902287428179,"number_songs_last_week":303,"number_songs_last_month":440,"number_songs_ratio":0.6886363636363636,"count_artist":42}
