{"churn_label":0,"gender":0,"userId":"85","level":1,"num_downgrades":2,"time_active":109,"iPad":0,"X11":0,"Windows_NT_6_3":0,"iPhone":0,"Windows_NT_6_2":0,"Macintosh":1,"Windows_NT_5_1":0,"compatible":0,"Windows_NT_6_0":0,"Windows_NT_6_1":0,"Add_Friend":0.12473118279569892,"Add_to_Playlist":0.23225806451612904,"Error":0.004301075268817204,"Help":0.05161290322580645,"Roll_Advert":0.07096774193548387,"Submit_Upgrade":0.0064516129032258064,"Thumbs_Down":0.08172043010752689,"Thumbs_Up":0.4129032258064516,"Upgrade":0.015053763440860216,"time_session":370.84634146341466,"songs_session":90.4,"mean_time_week":1688.5518518518518,"std_time_week":1113.4658143309305,"mean_artists_week":345.0,"session_week":104.04761904761905,"mean_time_last_week":514.4952380952382,"mean_time_last_month":329.5599999999999,"time_last_week_ratio":1.5611580231072895,"number_songs_last_week":853,"number_songs_last_month":2344,"number_songs_ratio":0.36390784982935154,"count_artist":375}
