{"churn_label":0,"gender":0,"userId":"300012","level":1,"num_downgrades":0,"time_active":150,"iPad":0,"X11":0,"Windows_NT_6_3":0,"iPhone":0,"Windows_NT_6_2":0,"Macintosh":0,"Windows_NT_5_1":1,"compatible":0,"Windows_NT_6_0":0,"Windows_NT_6_1":0,"Add_Friend":0.1553398058252427,"Add_to_Playlist":0.13592233009708737,"Error":0.0,"Help":0.06796116504854369,"Roll_Advert":0.038834951456310676,"Submit_Upgrade":0.009708737864077669,"Thumbs_Down":0.06796116504854369,"Thumbs_Up":0.5048543689320388,"Upgrade":0.019417475728155338,"time_session":376.5071428571428,"songs_session":91.71428571428571,"mean_time_week":527.11,"std_time_week":411.08172622836076,"mean_artists_week":120.6,"session_week":112.28571428571429,"mean_time_last_week":225.63333333333335,"mean_time_last_month":80.59166666666667,"time_last_week_ratio":2.799710474614828,"number_songs_last_week":384,"number_songs_last_month":585,"number_songs_ratio":0.6564102564102564,"count_artist":67}
