{"churn_label":0,"gender":0,"userId":"112","level":0,"num_downgrades":0,"time_active":87,"iPad":0,"X11":0,"Windows_NT_6_3":0,"iPhone":0,"Windows_NT_6_2":0,"Macintosh":0,"Windows_NT_5_1":0,"compatible":0,"Windows_NT_6_0":0,"Windows_NT_6_1":1,"Add_Friend":0.14,"Add_to_Playlist":0.14,"Error":0.0,"Help":0.02,"Roll_Advert":0.42,"Submit_Upgrade":0.0,"Thumbs_Down":0.06,"Thumbs_Up":0.18,"Upgrade":0.04,"time_session":84.45166666666667,"songs_session":23.88888888888889,"mean_time_week":140.7527777777778,"std_time_week":100.63619429336471,"mean_artists_week":35.333333333333336,"session_week":29.2,"mean_time_last_week":14.488095238095237,"mean_time_last_month":15.999444444444443,"time_last_week_ratio":0.9055373946516001,"number_songs_last_week":23,"number_songs_last_month":119,"number_songs_ratio":0.19327731092436976,"count_artist":33}
{"churn_label":0,"gender":1,"userId":"42","level":1,"num_downgrades":0,"time_active":67,"iPad":0,"X11":0,"Windows_NT_6_3":0,"iPhone":0,"Windows_NT_6_2":0,"Macintosh":0,"Windows_NT_5_1":0,"compatible":0,"Windows_NT_6_0":0,"Windows_NT_6_1":1,"Add_Friend":0.13471502590673576,"Add_to_Playlist":0.2694300518134715,"Error":0.018134715025906734,"Help":0.05181347150259067,"Roll_Advert":0.025906735751295335,"Submit_Upgrade":0.0025906735751295338,"Thumbs_Down":0.06476683937823834,"Thumbs_Up":0.43005181347150256,"Upgrade":0.0025906735751295338,"time_session":329.56276595744686,"songs_session":87.14634146341463,"mean_time_week":1721.05,"std_time_week":895.9866697064564,"mean_artists_week":340.6666666666667,"session_week":90.57446808510639,"mean_time_last_week":111.63095238095238,"mean_time_last_month":292.78333333333336,"time_last_week_ratio":0.38127495547658347,"number_songs_last_week":179,"number_songs_last_month":2026,"number_songs_ratio":0.08835143139190524,"count_artist":485}
