{"churn_label":0,"gender":1,"userId":"75","level":1,"num_downgrades":0,"time_active":69,"iPad":0,"X11":0,"Windows_NT_6_3":0,"iPhone":0,"Windows_NT_6_2":0,"Macintosh":0,"Windows_NT_5_1":1,"compatible":0,"Windows_NT_6_0":0,"Windows_NT_6_1":0,"Add_Friend":0.20192307692307693,"Add_to_Playlist":0.25961538461538464,"Error":0.009615384615384616,"Help":0.019230769230769232,"Roll_Advert":0.009615384615384616,"Submit_Upgrade":0.0,"Thumbs_Down":0.038461538461538464,"Thumbs_Up":0.46153846153846156,"Upgrade":0.0,"time_session":416.35,"songs_session":101.5,"mean_time_week":555.1333333333333,"std_time_week":484.31775737743817,"mean_artists_week":124.33333333333333,"session_week":119.625,"mean_time_last_week":48.64523809523809,"mean_time_last_month":72.41166666666665,"time_last_week_ratio":0.6717873007835492,"number_songs_last_week":76,"number_songs_last_month":530,"number_songs_ratio":0.14339622641509434,"count_artist":63}
