{"churn_label":1,"gender":0,"userId":"53","level":1,"num_downgrades":0,"time_active":53,"iPad":0,"X11":0,"Windows_NT_6_3":0,"iPhone":0,"Windows_NT_6_2":0,"Macintosh":1,"Windows_NT_5_1":0,"compatible":0,"Windows_NT_6_0":0,"Windows_NT_6_1":0,"Add_Friend":0.125,"Add_to_Playlist":0.23,"Error":0.01,"Help":0.055,"Roll_Advert":0.125,"Submit_Upgrade":0.005,"Thumbs_Down":0.08,"Thumbs_Up":0.345,"Upgrade":0.025,"time_session":321.89242424242434,"songs_session":83.14285714285714,"mean_time_week":885.2041666666667,"std_time_week":813.5822713176467,"mean_artists_week":192.5,"session_week":93.81818181818181,"mean_time_last_week":387.297619047619,"mean_time_last_month":192.015,"time_last_week_ratio":2.0170175197126214,"number_songs_last_week":665,"number_songs_last_month":1405,"number_songs_ratio":0.47330960854092524,"count_artist":71}
