{"churn_label":0,"gender":0,"userId":"300006","level":1,"num_downgrades":0,"time_active":89,"iPad":0,"X11":0,"Windows_NT_6_3":0,"iPhone":0,"Windows_NT_6_2":0,"Macintosh":1,"Windows_NT_5_1":0,"compatible":0,"Windows_NT_6_0":0,"Windows_NT_6_1":0,"Add_Friend":0.23943661971830985,"Add_to_Playlist":0.09859154929577464,"Error":0.0,"Help":0.04225352112676056,"Roll_Advert":0.19718309859154928,"Submit_Upgrade":0.014084507042253521,"Thumbs_Down":0.04225352112676056,"Thumbs_Up":0.323943661971831,"Upgrade":0.04225352112676056,"time_session":219.87999999999997,"songs_session":55.8,"mean_time_week":274.84999999999997,"std_time_week":241.0834852325058,"mean_artists_week":67.25,"session_week":75.8,"mean_time_last_week":85.18571428571428,"mean_time_last_month":34.485,"time_last_week_ratio":2.470225149650987,"number_songs_last_week":149,"number_songs_last_month":262,"number_songs_ratio":0.5687022900763359,"count_artist":20}
