{"churn_label":0,"gender":1,"userId":"115","level":1,"num_downgrades":0,"time_active":75,"iPad":0,"X11":0,"Windows_NT_6_3":0,"iPhone":0,"Windows_NT_6_2":0,"Macintosh":0,"Windows_NT_5_1":0,"compatible":0,"Windows_NT_6_0":0,"Windows_NT_6_1":1,"Add_Friend":0.17567567567567569,"Add_to_Playlist":0.1891891891891892,"Error":0.013513513513513514,"Help":0.04054054054054054,"Roll_Advert":0.04954954954954955,"Submit_Upgrade":0.0045045045045045045,"Thumbs_Down":0.10810810810810811,"Thumbs_Up":0.4144144144144144,"Upgrade":0.0045045045045045045,"time_session":713.7133333333334,"songs_session":173.7,"mean_time_week":1189.5222222222221,"std_time_week":1420.4297751684821,"mean_artists_week":244.66666666666666,"session_week":207.6,"mean_time_last_week":148.8857142857143,"mean_time_last_month":100.39055555555555,"time_last_week_ratio":1.4830649503012443,"number_songs_last_week":259,"number_songs_last_month":733,"number_songs_ratio":0.3533424283765348,"count_artist":62}
{"churn_label":0,"gender":1,"userId":"82","level":1,"num_downgrades":0,"time_active":75,"iPad":0,"X11":0,"Windows_NT_6_3":0,"iPhone":0,"Windows_NT_6_2":0,"Macintosh":1,"Windows_NT_5_1":0,"compatible":0,"Windows_NT_6_0":0,"Windows_NT_6_1":0,"Add_Friend":0.1336405529953917,"Add_to_Playlist":0.24423963133640553,"Error":0.009216589861751152,"Help":0.041474654377880185,"Roll_Advert":0.06912442396313365,"Submit_Upgrade":0.004608294930875576,"Thumbs_Down":0.09216589861751152,"Thumbs_Up":0.3870967741935484,"Upgrade":0.018433179723502304,"time_session":414.7294117647059,"songs_session":106.5625,"mean_time_week":881.3,"std_time_week":661.226947868356,"mean_artists_week":190.0,"session_week":120.52941176470588,"mean_time_last_week":246.35238095238097,"mean_time_last_month":179.71888888888887,"time_last_week_ratio":1.3707651014061646,"number_songs_last_week":416,"number_songs_last_month":1301,"number_songs_ratio":0.31975403535741737,"count_artist":68}
