{"churn_label":0,"gender":1,"userId":"100010","level":0,"num_downgrades":0,"time_active":55,"iPad":0,"X11":0,"Windows_NT_6_3":0,"iPhone":1,"Windows_NT_6_2":0,"Macintosh":0,"Windows_NT_5_1":0,"compatible":0,"Windows_NT_6_0":0,"Windows_NT_6_1":0,"Add_Friend":0.0449438202247191,"Add_to_Playlist":0.07865168539325842,"Error":0.0,"Help":0.02247191011235955,"Roll_Advert":0.5842696629213483,"Submit_Upgrade":0.0,"Thumbs_Down":0.056179775280898875,"Thumbs_Up":0.19101123595505617,"Upgrade":0.02247191011235955,"time_session":154.48333333333335,"songs_session":39.285714285714285,"mean_time_week":270.34583333333336,"std_time_week":208.3326881656677,"mean_artists_week":66.0,"session_week":54.42857142857143,"mean_time_last_week":13.857142857142858,"mean_time_last_month":21.108333333333334,"time_last_week_ratio":0.6564773560430883,"number_songs_last_week":24,"number_songs_last_month":155,"number_songs_ratio":0.15483870967741936,"count_artist":252}
{"churn_label":0,"gender":0,"userId":"200002","level":1,"num_downgrades":0,"time_active":70,"iPad":0,"X11":0,"Windows_NT_6_3":0,"iPhone":1,"Windows_NT_6_2":0,"Macintosh":0,"Windows_NT_5_1":0,"compatible":0,"Windows_NT_6_0":0,"Windows_NT_6_1":0,"Add_Friend":0.0784313725490196,"Add_to_Playlist":0.1568627450980392,"Error":0.0,"Help":0.0392156862745098,"Roll_Advert":0.13725490196078433,"Submit_Upgrade":0.0196078431372549,"Thumbs_Down":0.11764705882352941,"Thumbs_Up":0.4117647058823529,"Upgrade":0.0392156862745098,"time_session":266.4,"songs_session":64.5,"mean_time_week":399.59999999999997,"std_time_week":231.23711375507563,"mean_artists_week":92.25,"session_week":79.0,"mean_time_last_week":71.06428571428572,"mean_time_last_month":45.69444444444444,"time_last_week_ratio":1.5552062527138517,"number_songs_last_week":120,"number_songs_last_month":329,"number_songs_ratio":0.364741641337386,"count_artist":291}
