{"churn_label":0,"gender":1,"userId":"200003","level":0,"num_downgrades":2,"time_active":153,"iPad":0,"X11":0,"Windows_NT_6_3":0,"iPhone":0,"Windows_NT_6_2":0,"Macintosh":0,"Windows_NT_5_1":0,"compatible":0,"Windows_NT_6_0":0,"Windows_NT_6_1":1,"Add_Friend":0.09090909090909091,"Add_to_Playlist":0.1038961038961039,"Error":0.0,"Help":0.012987012987012988,"Roll_Advert":0.35064935064935066,"Submit_Upgrade":0.006493506493506494,"Thumbs_Down":0.16233766233766234,"Thumbs_Up":0.24025974025974026,"Upgrade":0.032467532467532464,"time_session":216.44523809523812,"songs_session":57.76923076923077,"mean_time_week":378.77916666666675,"std_time_week":302.2128807605974,"mean_artists_week":101.28571428571429,"session_week":69.78571428571429,"mean_time_last_week":176.6142857142857,"mean_time_last_month":78.18444444444444,"time_last_week_ratio":2.258944051713287,"number_songs_last_week":306,"number_songs_last_month":584,"number_songs_ratio":0.523972602739726,"count_artist":34}
