{"churn_label":0,"gender":1,"userId":"100002","level":1,"num_downgrades":0,"time_active":161,"iPad":0,"X11":0,"Windows_NT_6_3":0,"iPhone":0,"Windows_NT_6_2":0,"Macintosh":0,"Windows_NT_5_1":0,"compatible":0,"Windows_NT_6_0":0,"Windows_NT_6_1":1,"Add_Friend":0.07142857142857142,"Add_to_Playlist":0.35714285714285715,"Error":0.0,"Help":0.0,"Roll_Advert":0.21428571428571427,"Submit_Upgrade":0.0,"Thumbs_Down":0.0,"Thumbs_Up":0.35714285714285715,"Upgrade":0.0,"time_session":201.18333333333334,"songs_session":48.75,"mean_time_week":201.18333333333334,"std_time_week":354.1059294325065,"mean_artists_week":46.5,"session_week":54.5,"mean_time_last_week":0.0,"mean_time_last_month":26.567777777777778,"time_last_week_ratio":0.0,"number_songs_last_week":1,"number_songs_last_month":192,"number_songs_ratio":0.005208333333333333,"count_artist":7}
{"churn_label":0,"gender":0,"userId":"100018","level":0,"num_downgrades":2,"time_active":111,"iPad":0,"X11":0,"Windows_NT_6_3":0,"iPhone":0,"Windows_NT_6_2":0,"Macintosh":1,"Windows_NT_5_1":0,"compatible":0,"Windows_NT_6_0":0,"Windows_NT_6_1":0,"Add_Friend":0.11386138613861387,"Add_to_Playlist":0.15346534653465346,"Error":0.0,"Help":0.034653465346534656,"Roll_Advert":0.39603960396039606,"Submit_Upgrade":0.009900990099009901,"Thumbs_Down":0.04455445544554455,"Thumbs_Up":0.22772277227722773,"Upgrade":0.019801980198019802,"time_session":193.1873015873016,"songs_session":50.1,"mean_time_week":450.77037037037036,"std_time_week":364.45849403389786,"mean_artists_week":105.33333333333333,"session_week":61.333333333333336,"mean_time_last_week":167.62857142857143,"mean_time_last_month":94.01500000000001,"time_last_week_ratio":1.7829981537900486,"number_songs_last_week":281,"number_songs_last_month":695,"number_songs_ratio":0.40431654676258993,"count_artist":20}
{"churn_label":0,"gender":1,"userId":"80","level":0,"num_downgrades":0,"time_active":59,"iPad":0,"X11":0,"Windows_NT_6_3":0,"iPhone":0,"Windows_NT_6_2":0,"Macintosh":1,"Windows_NT_5_1":0,"compatible":0,"Windows_NT_6_0":0,"Windows_NT_6_1":0,"Add_Friend":0.13432835820895522,"Add_to_Playlist":0.19402985074626866,"Error":0.0,"Help":0.05970149253731343,"Roll_Advert":0.3283582089552239,"Submit_Upgrade":0.0,"Thumbs_Down":0.05970149253731343,"Thumbs_Up":0.16417910447761194,"Upgrade":0.05970149253731343,"time_session":123.20138888888891,"songs_session":30.583333333333332,"mean_time_week":184.80208333333334,"std_time_week":156.718084884803,"mean_artists_week":44.0,"session_week":39.5,"mean_time_last_week":55.74285714285714,"mean_time_last_month":26.292777777777776,"time_last_week_ratio":2.1200824657625215,"number_songs_last_week":94,"number_songs_last_month":192,"number_songs_ratio":0.4895833333333333,"count_artist":7}
