{"churn_label":1,"gender":1,"userId":"100025","level":0,"num_downgrades":1,"time_active":89,"iPad":0,"X11":0,"Windows_NT_6_3":0,"iPhone":0,"Windows_NT_6_2":0,"Macintosh":1,"Windows_NT_5_1":0,"compatible":0,"Windows_NT_6_0":0,"Windows_NT_6_1":0,"Add_Friend":0.039473684210526314,"Add_to_Playlist":0.11842105263157894,"Error":0.013157894736842105,"Help":0.06578947368421052,"Roll_Advert":0.39473684210526316,"Submit_Upgrade":0.0,"Thumbs_Down":0.09210526315789473,"Thumbs_Up":0.2631578947368421,"Upgrade":0.013157894736842105,"time_session":311.59285714285716,"songs_session":70.0,"mean_time_week":727.0500000000001,"std_time_week":862.3184593163814,"mean_artists_week":144.33333333333334,"session_week":89.0,"mean_time_last_week":216.75238095238095,"mean_time_last_month":72.705,"time_last_week_ratio":2.981258248433821,"number_songs_last_week":333,"number_songs_last_month":490,"number_songs_ratio":0.6795918367346939,"count_artist":45}
