{"churn_label":1,"gender":1,"userId":"100001","level":0,"num_downgrades":0,"time_active":45,"iPad":0,"X11":0,"Windows_NT_6_3":0,"iPhone":0,"Windows_NT_6_2":0,"Macintosh":1,"Windows_NT_5_1":0,"compatible":0,"Windows_NT_6_0":0,"Windows_NT_6_1":0,"Add_Friend":0.06060606060606061,"Add_to_Playlist":0.09090909090909091,"Error":0.030303030303030304,"Help":0.030303030303030304,"Roll_Advert":0.42424242424242425,"Submit_Upgrade":0.0,"Thumbs_Down":0.06060606060606061,"Thumbs_Up":0.24242424242424243,"Upgrade":0.06060606060606061,"time_session":148.15833333333333,"songs_session":33.25,"mean_time_week":592.6333333333333,"std_time_week":0.0,"mean_artists_week":125.0,"session_week":46.75,"mean_time_last_week":84.66190476190476,"mean_time_last_month":19.754444444444445,"time_last_week_ratio":4.285714285714286,"number_songs_last_week":133,"number_songs_last_month":133,"number_songs_ratio":1.0,"count_artist":0}
