{"churn_label":0,"gender":0,"userId":"147","level":1,"num_downgrades":0,"time_active":69,"iPad":0,"X11":0,"Windows_NT_6_3":0,"iPhone":0,"Windows_NT_6_2":0,"Macintosh":0,"Windows_NT_5_1":0,"compatible":1,"Windows_NT_6_0":0,"Windows_NT_6_1":0,"Add_Friend":0.189873417721519,"Add_to_Playlist":0.1518987341772152,"Error":0.0,"Help":0.08860759493670886,"Roll_Advert":0.13924050632911392,"Submit_Upgrade":0.012658227848101266,"Thumbs_Down":0.0379746835443038,"Thumbs_Up":0.35443037974683544,"Upgrade":0.02531645569620253,"time_session":224.04000000000002,"songs_session":60.77777777777778,"mean_time_week":373.40000000000003,"std_time_week":419.11244566477757,"mean_artists_week":85.0,"session_week":67.2,"mean_time_last_week":103.0547619047619,"mean_time_last_month":68.16666666666667,"time_last_week_ratio":1.5118057981138664,"number_songs_last_week":172,"number_songs_last_month":496,"number_songs_ratio":0.3467741935483871,"count_artist":34}
{"churn_label":1,"gender":1,"userId":"300001","level":1,"num_downgrades":0,"time_active":188,"iPad":0,"X11":0,"Windows_NT_6_3":0,"iPhone":0,"Windows_NT_6_2":0,"Macintosh":0,"Windows_NT_5_1":1,"compatible":0,"Windows_NT_6_0":0,"Windows_NT_6_1":0,"Add_Friend":0.10452961672473868,"Add_to_Playlist":0.24041811846689895,"Error":0.010452961672473868,"Help":0.03832752613240418,"Roll_Advert":0.020905923344947737,"Submit_Upgrade":0.003484320557491289,"Thumbs_Down":0.059233449477351915,"Thumbs_Up":0.5156794425087108,"Upgrade":0.006968641114982578,"time_session":382.05263157894734,"songs_session":102.88235294117646,"mean_time_week":907.375,"std_time_week":688.8589091146798,"mean_artists_week":194.625,"session_week":114.10526315789474,"mean_time_last_week":142.14285714285714,"mean_time_last_month":151.10944444444445,"time_last_week_ratio":0.9406616354487103,"number_songs_last_week":242,"number_songs_last_month":1104,"number_songs_ratio":0.21920289855072464,"count_artist":102}
