{"churn_label":0,"gender":1,"userId":"300020","level":1,"num_downgrades":0,"time_active":48,"iPad":0,"X11":0,"Windows_NT_6_3":0,"iPhone":0,"Windows_NT_6_2":0,"Macintosh":1,"Windows_NT_5_1":0,"compatible":0,"Windows_NT_6_0":0,"Windows_NT_6_1":0,"Add_Friend":0.1951219512195122,"Add_to_Playlist":0.24390243902439024,"Error":0.04878048780487805,"Help":0.04878048780487805,"Roll_Advert":0.0,"Submit_Upgrade":0.0,"Thumbs_Down":0.024390243902439025,"Thumbs_Up":0.43902439024390244,"Upgrade":0.0,"time_session":330.63888888888886,"songs_session":80.66666666666667,"mean_time_week":330.63888888888886,"std_time_week":365.68983606835957,"mean_artists_week":75.33333333333333,"session_week":98.66666666666667,"mean_time_last_week":18.48095238095238,"mean_time_last_month":29.40388888888889,"time_last_week_ratio":0.6285206848246506,"number_songs_last_week":33,"number_songs_last_month":217,"number_songs_ratio":0.15207373271889402,"count_artist":6}
{"churn_label":0,"gender":1,"userId":"63","level":0,"num_downgrades":0,"time_active":39,"iPad":0,"X11":0,"Windows_NT_6_3":0,"iPhone":0,"Windows_NT_6_2":0,"Macintosh":0,"Windows_NT_5_1":0,"compatible":0,"Windows_NT_6_0":0,"Windows_NT_6_1":1,"Add_Friend":0.0,"Add_to_Playlist":0.0625,"Error":0.0,"Help":0.0,"Roll_Advert":0.3125,"Submit_Upgrade":0.0,"Thumbs_Down":0.1875,"Thumbs_Up":0.375,"Upgrade":0.0625,"time_session":383.1333333333333,"songs_session":87.0,"mean_time_week":383.1333333333333,"std_time_week":0.0,"mean_artists_week":83.0,"session_week":107.0,"mean_time_last_week":54.733333333333334,"mean_time_last_month":12.77111111111111,"time_last_week_ratio":4.285714285714286,"number_songs_last_week":87,"number_songs_last_month":87,"number_songs_ratio":1.0,"count_artist":0}
