{"churn_label":1,"gender":0,"userId":"100012","level":0,"num_downgrades":1,"time_active":43,"iPad":0,"X11":0,"Windows_NT_6_3":0,"iPhone":0,"Windows_NT_6_2":0,"Macintosh":1,"Windows_NT_5_1":0,"compatible":0,"Windows_NT_6_0":0,"Windows_NT_6_1":0,"Add_Friend":0.024096385542168676,"Add_to_Playlist":0.14457831325301204,"Error":0.0,"Help":0.024096385542168676,"Roll_Advert":0.4578313253012048,"Submit_Upgrade":0.012048192771084338,"Thumbs_Down":0.10843373493975904,"Thumbs_Up":0.21686746987951808,"Upgrade":0.012048192771084338,"time_session":271.4380952380953,"songs_session":79.33333333333333,"mean_time_week":380.0133333333334,"std_time_week":224.48547354635963,"mean_artists_week":89.8,"session_week":85.71428571428571,"mean_time_last_week":105.49285714285715,"mean_time_last_month":63.33555555555556,"time_last_week_ratio":1.665618248983745,"number_songs_last_week":186,"number_songs_last_month":476,"number_songs_ratio":0.3907563025210084,"count_artist":24}
{"churn_label":0,"gender":0,"userId":"150","level":0,"num_downgrades":0,"time_active":124,"iPad":0,"X11":0,"Windows_NT_6_3":0,"iPhone":0,"Windows_NT_6_2":0,"Macintosh":1,"Windows_NT_5_1":0,"compatible":0,"Windows_NT_6_0":0,"Windows_NT_6_1":0,"Add_Friend":0.02702702702702703,"Add_to_Playlist":0.21621621621621623,"Error":0.0,"Help":0.02702702702702703,"Roll_Advert":0.4594594594594595,"Submit_Upgrade":0.0,"Thumbs_Down":0.0,"Thumbs_Up":0.1891891891891892,"Upgrade":0.08108108108108109,"time_session":97.32592592592593,"songs_session":22.25,"mean_time_week":145.9888888888889,"std_time_week":134.53601115053283,"mean_artists_week":29.333333333333332,"session_week":26.0,"mean_time_last_week":0.8428571428571427,"mean_time_last_month":7.073888888888889,"time_last_week_ratio":0.1191504639238873,"number_songs_last_week":4,"number_songs_last_month":46,"number_songs_ratio":0.08695652173913043,"count_artist":5}
{"churn_label":1,"gender":0,"userId":"200018","level":0,"num_downgrades":0,"time_active":49,"iPad":0,"X11":0,"Windows_NT_6_3":0,"iPhone":1,"Windows_NT_6_2":0,"Macintosh":0,"Windows_NT_5_1":0,"compatible":0,"Windows_NT_6_0":0,"Windows_NT_6_1":0,"Add_Friend":0.1724137931034483,"Add_to_Playlist":0.12643678160919541,"Error":0.0,"Help":0.011494252873563218,"Roll_Advert":0.367816091954023,"Submit_Upgrade":0.0,"Thumbs_Down":0.12643678160919541,"Thumbs_Up":0.14942528735632185,"Upgrade":0.04597701149425287,"time_session":169.3074074074074,"songs_session":40.77777777777778,"mean_time_week":304.75333333333333,"std_time_week":238.970863926035,"mean_artists_week":69.8,"session_week":53.111111111111114,"mean_time_last_week":115.79285714285713,"mean_time_last_month":50.79222222222222,"time_last_week_ratio":2.279735992574791,"number_songs_last_week":191,"number_songs_last_month":367,"number_songs_ratio":0.5204359673024523,"count_artist":19}
