{"churn_label":1,"gender":0,"userId":"105","level":1,"num_downgrades":0,"time_active":29,"iPad":0,"X11":0,"Windows_NT_6_3":0,"iPhone":0,"Windows_NT_6_2":0,"Macintosh":0,"Windows_NT_5_1":0,"compatible":0,"Windows_NT_6_0":0,"Windows_NT_6_1":1,"Add_Friend":0.15476190476190477,"Add_to_Playlist":0.14285714285714285,"Error":0.023809523809523808,"Help":0.023809523809523808,"Roll_Advert":0.023809523809523808,"Submit_Upgrade":0.011904761904761904,"Thumbs_Down":0.07142857142857142,"Thumbs_Up":0.5357142857142857,"Upgrade":0.011904761904761904,"time_session":651.4033333333334,"songs_session":152.8,"mean_time_week":1628.5083333333332,"std_time_week":657.4561000342322,"mean_artists_week":338.5,"session_week":183.6,"mean_time_last_week":166.23095238095237,"mean_time_last_month":108.56722222222221,"time_last_week_ratio":1.5311338816489235,"number_songs_last_week":277,"number_songs_last_month":764,"number_songs_ratio":0.362565445026178,"count_artist":28}
