{"churn_label":1,"gender":1,"userId":"200016","level":0,"num_downgrades":0,"time_active":56,"iPad":0,"X11":0,"Windows_NT_6_3":0,"iPhone":0,"Windows_NT_6_2":0,"Macintosh":1,"Windows_NT_5_1":0,"compatible":0,"Windows_NT_6_0":0,"Windows_NT_6_1":0,"Add_Friend":0.0,"Add_to_Playlist":0.06666666666666667,"Error":0.0,"Help":0.0,"Roll_Advert":0.4,"Submit_Upgrade":0.0,"Thumbs_Down":0.1111111111111111,"Thumbs_Up":0.4222222222222222,"Upgrade":0.0,"time_session":120.28095238095239,"songs_session":29.428571428571427,"mean_time_week":168.39333333333335,"std_time_week":149.32676724775993,"mean_artists_week":39.8,"session_week":38.285714285714285,"mean_time_last_week":61.57619047619047,"mean_time_last_month":22.67611111111111,"time_last_week_ratio":2.7154651948242856,"number_songs_last_week":105,"number_songs_last_month":167,"number_songs_ratio":0.6287425149700598,"count_artist":9}
{"churn_label":0,"gender":0,"userId":"200025","level":1,"num_downgrades":1,"time_active":117,"iPad":0,"X11":0,"Windows_NT_6_3":0,"iPhone":0,"Windows_NT_6_2":0,"Macintosh":0,"Windows_NT_5_1":0,"compatible":0,"Windows_NT_6_0":0,"Windows_NT_6_1":1,"Add_Friend":0.14814814814814814,"Add_to_Playlist":0.09876543209876543,"Error":0.006172839506172839,"Help":0.012345679012345678,"Roll_Advert":0.22839506172839505,"Submit_Upgrade":0.012345679012345678,"Thumbs_Down":0.16666666666666666,"Thumbs_Up":0.2962962962962963,"Upgrade":0.030864197530864196,"time_session":228.5583333333333,"songs_session":71.81818181818181,"mean_time_week":457.1166666666667,"std_time_week":363.9642478372068,"mean_artists_week":105.85714285714286,"session_week":73.28571428571429,"mean_time_last_week":153.89761904761903,"mean_time_last_month":75.95,"time_last_week_ratio":2.026301764945609,"number_songs_last_week":269,"number_songs_last_month":566,"number_songs_ratio":0.4752650176678445,"count_artist":32}
{"churn_label":0,"gender":0,"userId":"300003","level":0,"num_downgrades":0,"time_active":99,"iPad":0,"X11":0,"Windows_NT_6_3":0,"iPhone":0,"Windows_NT_6_2":0,"Macintosh":0,"Windows_NT_5_1":0,"compatible":0,"Windows_NT_6_0":0,"Windows_NT_6_1":1,"Add_Friend":0.0,"Add_to_Playlist":0.16666666666666666,"Error":0.0,"Help":0.16666666666666666,"Roll_Advert":0.3333333333333333,"Submit_Upgrade":0.0,"Thumbs_Down":0.0,"Thumbs_Up":0.3333333333333333,"Upgrade":0.0,"time_session":104.85,"songs_session":27.0,"mean_time_week":104.85,"std_time_week":0.0,"mean_artists_week":26.0,"session_week":35.0,"mean_time_last_week":14.978571428571428,"mean_time_last_month":3.4949999999999997,"time_last_week_ratio":4.285714285714286,"number_songs_last_week":27,"number_songs_last_month":27,"number_songs_ratio":1.0,"count_artist":1}
