{"churn_label":0,"gender":0,"userId":"151","level":1,"num_downgrades":0,"time_active":42,"iPad":0,"X11":0,"Windows_NT_6_3":0,"iPhone":0,"Windows_NT_6_2":0,"Macintosh":1,"Windows_NT_5_1":0,"compatible":0,"Windows_NT_6_0":0,"Windows_NT_6_1":0,"Add_Friend":0.2727272727272727,"Add_to_Playlist":0.18181818181818182,"Error":0.0,"Help":0.09090909090909091,"Roll_Advert":0.0,"Submit_Upgrade":0.0,"Thumbs_Down":0.09090909090909091,"Thumbs_Up":0.36363636363636365,"Upgrade":0.0,"time_session":546.0166666666667,"songs_session":138.0,"mean_time_week":546.0166666666667,"std_time_week":0.0,"mean_artists_week":132.0,"session_week":163.0,"mean_time_last_week":78.00238095238095,"mean_time_last_month":18.200555555555557,"time_last_week_ratio":4.285714285714285,"number_songs_last_week":138,"number_songs_last_month":138,"number_songs_ratio":1.0,"count_artist":4}
{"churn_label":1,"gender":0,"userId":"200015","level":0,"num_downgrades":0,"time_active":88,"iPad":0,"X11":0,"Windows_NT_6_3":0,"iPhone":1,"Windows_NT_6_2":0,"Macintosh":0,"Windows_NT_5_1":0,"compatible":0,"Windows_NT_6_0":0,"Windows_NT_6_1":0,"Add_Friend":0.03389830508474576,"Add_to_Playlist":0.22033898305084745,"Error":0.01694915254237288,"Help":0.01694915254237288,"Roll_Advert":0.3728813559322034,"Submit_Upgrade":0.0,"Thumbs_Down":0.1694915254237288,"Thumbs_Up":0.1694915254237288,"Upgrade":0.0,"time_session":90.13333333333334,"songs_session":25.8,"mean_time_week":165.24444444444444,"std_time_week":204.0651406527573,"mean_artists_week":40.833333333333336,"session_week":31.727272727272727,"mean_time_last_week":13.75,"mean_time_last_month":19.409444444444443,"time_last_week_ratio":0.7084180095600653,"number_songs_last_week":26,"number_songs_last_month":152,"number_songs_ratio":0.17105263157894737,"count_artist":3}
