{"churn_label":0,"gender":0,"userId":"24","level":0,"num_downgrades":1,"time_active":77,"iPad":0,"X11":0,"Windows_NT_6_3":1,"iPhone":0,"Windows_NT_6_2":0,"Macintosh":0,"Windows_NT_5_1":0,"compatible":0,"Windows_NT_6_0":0,"Windows_NT_6_1":0,"Add_Friend":0.18478260869565216,"Add_to_Playlist":0.13043478260869565,"Error":0.0,"Help":0.05434782608695652,"Roll_Advert":0.32608695652173914,"Submit_Upgrade":0.010869565217391304,"Thumbs_Down":0.021739130434782608,"Thumbs_Up":0.20652173913043478,"Upgrade":0.06521739130434782,"time_session":135.5011111111111,"songs_session":34.42857142857143,"mean_time_week":290.35952380952375,"std_time_week":299.1891532646478,"mean_artists_week":65.14285714285714,"session_week":42.0,"mean_time_last_week":75.63333333333333,"mean_time_last_month":33.54388888888889,"time_last_week_ratio":2.254757448781861,"number_songs_last_week":122,"number_songs_last_month":229,"number_songs_ratio":0.5327510917030568,"count_artist":21}
{"churn_label":0,"gender":0,"userId":"9","level":1,"num_downgrades":1,"time_active":61,"iPad":0,"X11":0,"Windows_NT_6_3":0,"iPhone":0,"Windows_NT_6_2":0,"Macintosh":0,"Windows_NT_5_1":0,"compatible":0,"Windows_NT_6_0":0,"Windows_NT_6_1":1,"Add_Friend":0.12944983818770225,"Add_to_Playlist":0.24919093851132687,"Error":0.009708737864077669,"Help":0.04854368932038835,"Roll_Advert":0.05177993527508091,"Submit_Upgrade":0.006472491909385114,"Thumbs_Down":0.10355987055016182,"Thumbs_Up":0.3818770226537217,"Upgrade":0.019417475728155338,"time_session":352.57688172043015,"songs_session":89.2,"mean_time_week":1213.3277777777778,"std_time_week":682.8412668870335,"mean_artists_week":261.8888888888889,"session_week":96.6969696969697,"mean_time_last_week":276.17857142857144,"mean_time_last_month":217.45666666666665,"time_last_week_ratio":1.2700395700073799,"number_songs_last_week":480,"number_songs_last_month":1731,"number_songs_ratio":0.2772963604852686,"count_artist":92}
