{"churn_label":0,"gender":0,"userId":"137","level":1,"num_downgrades":0,"time_active":124,"iPad":0,"X11":0,"Windows_NT_6_3":0,"iPhone":0,"Windows_NT_6_2":0,"Macintosh":1,"Windows_NT_5_1":0,"compatible":0,"Windows_NT_6_0":0,"Windows_NT_6_1":0,"Add_Friend":0.21621621621621623,"Add_to_Playlist":0.10810810810810811,"Error":0.0,"Help":0.02702702702702703,"Roll_Advert":0.2702702702702703,"Submit_Upgrade":0.02702702702702703,"Thumbs_Down":0.02702702702702703,"Thumbs_Up":0.21621621621621623,"Upgrade":0.10810810810810811,"time_session":211.2611111111111,"songs_session":51.333333333333336,"mean_time_week":316.89166666666665,"std_time_week":205.99199047266112,"mean_artists_week":74.5,"session_week":69.66666666666667,"mean_time_last_week":66.07857142857144,"mean_time_last_month":15.418333333333333,"time_last_week_ratio":4.2857142857142865,"number_songs_last_week":113,"number_songs_last_month":113,"number_songs_ratio":1.0,"count_artist":5}
{"churn_label":0,"gender":1,"userId":"72","level":0,"num_downgrades":0,"time_active":124,"iPad":0,"X11":0,"Windows_NT_6_3":0,"iPhone":0,"Windows_NT_6_2":0,"Macintosh":1,"Windows_NT_5_1":0,"compatible":0,"Windows_NT_6_0":0,"Windows_NT_6_1":0,"Add_Friend":0.11538461538461539,"Add_to_Playlist":0.11538461538461539,"Error":0.038461538461538464,"Help":0.0,"Roll_Advert":0.38461538461538464,"Submit_Upgrade":0.0,"Thumbs_Down":0.038461538461538464,"Thumbs_Up":0.23076923076923078,"Upgrade":0.07692307692307693,"time_session":334.31666666666666,"songs_session":85.0,"mean_time_week":334.31666666666666,"std_time_week":0.0,"mean_artists_week":82.0,"session_week":117.0,"mean_time_last_week":47.759523809523806,"mean_time_last_month":11.143888888888888,"time_last_week_ratio":4.285714285714286,"number_songs_last_week":85,"number_songs_last_month":85,"number_songs_ratio":1.0,"count_artist":2}
{"churn_label":0,"gender":1,"userId":"74","level":1,"num_downgrades":1,"time_active":71,"iPad":0,"X11":0,"Windows_NT_6_3":0,"iPhone":0,"Windows_NT_6_2":0,"Macintosh":1,"Windows_NT_5_1":0,"compatible":0,"Windows_NT_6_0":0,"Windows_NT_6_1":0,"Add_Friend":0.13271604938271606,"Add_to_Playlist":0.24691358024691357,"Error":0.0030864197530864196,"Help":0.040123456790123455,"Roll_Advert":0.06790123456790123,"Submit_Upgrade":0.006172839506172839,"Thumbs_Down":0.07716049382716049,"Thumbs_Up":0.4166666666666667,"Upgrade":0.009259259259259259,"time_session":432.6884057971014,"songs_session":109.0909090909091,"mean_time_week":1105.7592592592594,"std_time_week":858.9872472743343,"mean_artists_week":234.11111111111111,"session_week":125.52173913043478,"mean_time_last_week":272.7214285714286,"mean_time_last_month":221.2172222222222,"time_last_week_ratio":1.2328218654579624,"number_songs_last_week":456,"number_songs_last_month":1592,"number_songs_ratio":0.2864321608040201,"count_artist":61}
