{"churn_label":1,"gender":1,"userId":"73","level":1,"num_downgrades":0,"time_active":50,"iPad":0,"X11":0,"Windows_NT_6_3":0,"iPhone":0,"Windows_NT_6_2":0,"Macintosh":0,"Windows_NT_5_1":0,"compatible":0,"Windows_NT_6_0":0,"Windows_NT_6_1":1,"Add_Friend":0.21568627450980393,"Add_to_Playlist":0.21568627450980393,"Error":0.0196078431372549,"Help":0.0784313725490196,"Roll_Advert":0.0196078431372549,"Submit_Upgrade":0.0196078431372549,"Thumbs_Down":0.13725490196078433,"Thumbs_Up":0.27450980392156865,"Upgrade":0.0196078431372549,"time_session":259.09166666666664,"songs_session":62.833333333333336,"mean_time_week":388.6375,"std_time_week":270.8922696130532,"mean_artists_week":89.25,"session_week":76.16666666666667,"mean_time_last_week":102.41904761904762,"mean_time_last_month":51.818333333333335,"time_last_week_ratio":1.9765021572618626,"number_songs_last_week":174,"number_songs_last_month":377,"number_songs_ratio":0.46153846153846156,"count_artist":46}
{"churn_label":1,"gender":0,"userId":"87","level":1,"num_downgrades":0,"time_active":59,"iPad":0,"X11":0,"Windows_NT_6_3":0,"iPhone":0,"Windows_NT_6_2":0,"Macintosh":0,"Windows_NT_5_1":0,"compatible":0,"Windows_NT_6_0":0,"Windows_NT_6_1":1,"Add_Friend":0.18120805369127516,"Add_to_Playlist":0.12751677852348994,"Error":0.0,"Help":0.053691275167785234,"Roll_Advert":0.33557046979865773,"Submit_Upgrade":0.006711409395973154,"Thumbs_Down":0.03355704697986577,"Thumbs_Up":0.21476510067114093,"Upgrade":0.04697986577181208,"time_session":125.62066666666665,"songs_session":30.68,"mean_time_week":1046.8388888888887,"std_time_week":522.0931308826182,"mean_artists_week":232.33333333333334,"session_week":40.12,"mean_time_last_week":212.87857142857143,"mean_time_last_month":104.68388888888889,"time_last_week_ratio":2.0335370961860235,"number_songs_last_week":366,"number_songs_last_month":767,"number_songs_ratio":0.4771838331160365,"count_artist":98}
