{"churn_label":1,"gender":0,"userId":"100009","level":0,"num_downgrades":1,"time_active":38,"iPad":0,"X11":0,"Windows_NT_6_3":0,"iPhone":0,"Windows_NT_6_2":0,"Macintosh":0,"Windows_NT_5_1":0,"compatible":0,"Windows_NT_6_0":0,"Windows_NT_6_1":1,"Add_Friend":0.06796116504854369,"Add_to_Playlist":0.11650485436893204,"Error":0.0,"Help":0.05825242718446602,"Roll_Advert":0.4077669902912621,"Submit_Upgrade":0.009708737864077669,"Thumbs_Down":0.07766990291262135,"Thumbs_Up":0.22330097087378642,"Upgrade":0.038834951456310676,"time_session":211.96166666666667,"songs_session":51.8,"mean_time_week":528.9666666666666,"std_time_week":448.04976100131256,"mean_artists_week":121.75,"session_week":61.0,"mean_time_last_week":112.27380952380953,"mean_time_last_month":70.65388888888889,"time_last_week_ratio":1.589067654865716,"number_songs_last_week":187,"number_songs_last_month":518,"number_songs_ratio":0.361003861003861,"count_artist":22}
{"churn_label":0,"gender":1,"userId":"300011","level":1,"num_downgrades":1,"time_active":62,"iPad":0,"X11":0,"Windows_NT_6_3":0,"iPhone":0,"Windows_NT_6_2":0,"Macintosh":0,"Windows_NT_5_1":0,"compatible":1,"Windows_NT_6_0":0,"Windows_NT_6_1":0,"Add_Friend":0.11907810499359796,"Add_to_Playlist":0.18693982074263765,"Error":0.002560819462227913,"Help":0.03841229193341869,"Roll_Advert":0.026888604353393086,"Submit_Upgrade":0.002560819462227913,"Thumbs_Down":0.052496798975672214,"Thumbs_Up":0.559539052496799,"Upgrade":0.011523687580025609,"time_session":252.3098684210526,"songs_session":63.273972602739725,"mean_time_week":2130.0333333333333,"std_time_week":806.1744648079181,"mean_artists_week":433.8888888888889,"session_week":74.44155844155844,"mean_time_last_week":287.4190476190476,"mean_time_last_month":287.25055555555554,"time_last_week_ratio":1.0005865682771828,"number_songs_last_week":483,"number_songs_last_month":2049,"number_songs_ratio":0.23572474377745242,"count_artist":237}
