{"churn_label":1,"gender":1,"userId":"106","level":1,"num_downgrades":0,"time_active":40,"iPad":0,"X11":0,"Windows_NT_6_3":0,"iPhone":0,"Windows_NT_6_2":0,"Macintosh":1,"Windows_NT_5_1":0,"compatible":0,"Windows_NT_6_0":0,"Windows_NT_6_1":0,"Add_Friend":0.24786324786324787,"Add_to_Playlist":0.23931623931623933,"Error":0.0,"Help":0.042735042735042736,"Roll_Advert":0.03418803418803419,"Submit_Upgrade":0.008547008547008548,"Thumbs_Down":0.05128205128205128,"Thumbs_Up":0.36752136752136755,"Upgrade":0.008547008547008548,"time_session":287.76250000000005,"songs_session":69.91666666666667,"mean_time_week":863.2874999999999,"std_time_week":513.9315807566937,"mean_artists_week":190.25,"session_week":84.16666666666667,"mean_time_last_week":157.31190476190477,"mean_time_last_month":115.105,"time_last_week_ratio":1.3666817667512685,"number_songs_last_week":271,"number_songs_last_month":839,"number_songs_ratio":0.3230035756853397,"count_artist":28}
{"churn_label":0,"gender":0,"userId":"67","level":1,"num_downgrades":0,"time_active":139,"iPad":0,"X11":0,"Windows_NT_6_3":0,"iPhone":0,"Windows_NT_6_2":0,"Macintosh":1,"Windows_NT_5_1":0,"compatible":0,"Windows_NT_6_0":0,"Windows_NT_6_1":0,"Add_Friend":0.0979020979020979,"Add_to_Playlist":0.25874125874125875,"Error":0.0,"Help":0.055944055944055944,"Roll_Advert":0.11888111888111888,"Submit_Upgrade":0.006993006993006993,"Thumbs_Down":0.06993006993006994,"Thumbs_Up":0.3776223776223776,"Upgrade":0.013986013986013986,"time_session":347.4256410256411,"songs_session":91.5,"mean_time_week":564.08125,"std_time_week":593.6517919072782,"mean_artists_week":124.625,"session_week":94.42857142857143,"mean_time_last_week":67.3047619047619,"mean_time_last_month":97.24444444444445,"time_last_week_ratio":0.6921193523113084,"number_songs_last_week":105,"number_songs_last_month":701,"number_songs_ratio":0.14978601997146934,"count_artist":36}
