{"churn_label":0,"gender":1,"userId":"127","level":1,"num_downgrades":0,"time_active":76,"iPad":0,"X11":0,"Windows_NT_6_3":1,"iPhone":0,"Windows_NT_6_2":0,"Macintosh":0,"Windows_NT_5_1":0,"compatible":0,"Windows_NT_6_0":0,"Windows_NT_6_1":0,"Add_Friend":0.12871287128712872,"Add_to_Playlist":0.25742574257425743,"Error":0.009900990099009901,"Help":0.0594059405940594,"Roll_Advert":0.009900990099009901,"Submit_Upgrade":0.0,"Thumbs_Down":0.07425742574257425,"Thumbs_Up":0.4603960396039604,"Upgrade":0.0,"time_session":433.21274509803925,"songs_session":104.6470588235294,"mean_time_week":1052.0880952380953,"std_time_week":910.7533188253133,"mean_artists_week":225.0,"session_week":125.0,"mean_time_last_week":522.9238095238095,"mean_time_last_month":198.95833333333334,"time_last_week_ratio":2.6283081525804035,"number_songs_last_week":880,"number_songs_last_month":1438,"number_songs_ratio":0.6119610570236439,"count_artist":55}
