{"churn_label":0,"gender":0,"userId":"114","level":1,"num_downgrades":0,"time_active":71,"iPad":0,"X11":0,"Windows_NT_6_3":0,"iPhone":0,"Windows_NT_6_2":0,"Macintosh":0,"Windows_NT_5_1":0,"compatible":0,"Windows_NT_6_0":0,"Windows_NT_6_1":1,"Add_Friend":0.08280254777070063,"Add_to_Playlist":0.21656050955414013,"Error":0.012738853503184714,"Help":0.06369426751592357,"Roll_Advert":0.05732484076433121,"Submit_Upgrade":0.006369426751592357,"Thumbs_Down":0.07643312101910828,"Thumbs_Up":0.4713375796178344,"Upgrade":0.012738853503184714,"time_session":318.07058823529405,"songs_session":80.75,"mean_time_week":675.45625,"std_time_week":749.3967853545956,"mean_artists_week":142.375,"session_week":85.94444444444444,"mean_time_last_week":313.82380952380953,"mean_time_last_month":171.18055555555557,"time_last_week_ratio":1.8332912199362503,"number_songs_last_week":524,"number_songs_last_month":1218,"number_songs_ratio":0.4302134646962233,"count_artist":47}
{"churn_label":0,"gender":0,"userId":"33","level":1,"num_downgrades":0,"time_active":163,"iPad":0,"X11":0,"Windows_NT_6_3":0,"iPhone":0,"Windows_NT_6_2":0,"Macintosh":1,"Windows_NT_5_1":0,"compatible":0,"Windows_NT_6_0":0,"Windows_NT_6_1":0,"Add_Friend":0.19254658385093168,"Add_to_Playlist":0.20496894409937888,"Error":0.006211180124223602,"Help":0.043478260869565216,"Roll_Advert":0.006211180124223602,"Submit_Upgrade":0.0,"Thumbs_Down":0.055900621118012424,"Thumbs_Up":0.4906832298136646,"Upgrade":0.0,"time_session":427.19305555555553,"songs_session":104.75,"mean_time_week":640.7895833333334,"std_time_week":623.5805381938145,"mean_artists_week":142.625,"session_week":127.41666666666667,"mean_time_last_week":190.89285714285714,"mean_time_last_month":133.92055555555555,"time_last_week_ratio":1.425418647279037,"number_songs_last_week":333,"number_songs_last_month":987,"number_songs_ratio":0.3373860182370821,"count_artist":53}
