{"churn_label":0,"gender":1,"userId":"136","level":1,"num_downgrades":0,"time_active":76,"iPad":0,"X11":0,"Windows_NT_6_3":0,"iPhone":0,"Windows_NT_6_2":0,"Macintosh":1,"Windows_NT_5_1":0,"compatible":0,"Windows_NT_6_0":0,"Windows_NT_6_1":0,"Add_Friend":0.20833333333333334,"Add_to_Playlist":0.22916666666666666,"Error":0.006944444444444444,"Help":0.06597222222222222,"Roll_Advert":0.04513888888888889,"Submit_Upgrade":0.003472222222222222,"Thumbs_Down":0.052083333333333336,"Thumbs_Up":0.3819444444444444,"Upgrade":0.006944444444444444,"time_session":434.6818181818181,"songs_session":106.2,"mean_time_week":1062.5555555555557,"std_time_week":1166.589184599703,"mean_artists_week":225.75,"session_week":116.68181818181819,"mean_time_last_week":418.08333333333337,"mean_time_last_month":162.01166666666668,"time_last_week_ratio":2.580575472959766,"number_songs_last_week":660,"number_songs_last_month":1074,"number_songs_ratio":0.6145251396648045,"count_artist":135}
