{"churn_label":0,"gender":1,"userId":"107","level":0,"num_downgrades":0,"time_active":74,"iPad":0,"X11":0,"Windows_NT_6_3":0,"iPhone":0,"Windows_NT_6_2":0,"Macintosh":0,"Windows_NT_5_1":0,"compatible":0,"Windows_NT_6_0":0,"Windows_NT_6_1":1,"Add_Friend":0.0392156862745098,"Add_to_Playlist":0.19607843137254902,"Error":0.0,"Help":0.0,"Roll_Advert":0.37254901960784315,"Submit_Upgrade":0.0,"Thumbs_Down":0.0392156862745098,"Thumbs_Up":0.27450980392156865,"Upgrade":0.0784313725490196,"time_session":256.3125,"songs_session":61.5,"mean_time_week":256.3125,"std_time_week":292.7607841499799,"mean_artists_week":58.75,"session_week":78.75,"mean_time_last_week":8.895238095238096,"mean_time_last_month":10.282777777777778,"time_last_week_ratio":0.8650617846144347,"number_songs_last_week":15,"number_songs_last_month":73,"number_songs_ratio":0.2054794520547945,"count_artist":17}
{"churn_label":0,"gender":0,"userId":"110","level":0,"num_downgrades":0,"time_active":68,"iPad":0,"X11":0,"Windows_NT_6_3":0,"iPhone":0,"Windows_NT_6_2":0,"Macintosh":1,"Windows_NT_5_1":0,"compatible":0,"Windows_NT_6_0":0,"Windows_NT_6_1":0,"Add_Friend":0.16279069767441862,"Add_to_Playlist":0.06976744186046512,"Error":0.0,"Help":0.0,"Roll_Advert":0.3953488372093023,"Submit_Upgrade":0.0,"Thumbs_Down":0.046511627906976744,"Thumbs_Up":0.32558139534883723,"Upgrade":0.0,"time_session":193.13666666666666,"songs_session":35.6,"mean_time_week":241.42083333333332,"std_time_week":324.56819815661174,"mean_artists_week":42.5,"session_week":47.0,"mean_time_last_week":11.921428571428573,"mean_time_last_month":26.831666666666667,"time_last_week_ratio":0.44430443772017786,"number_songs_last_week":18,"number_songs_last_month":147,"number_songs_ratio":0.12244897959183673,"count_artist":19}
