{"churn_label":0,"gender":0,"userId":"200009","level":0,"num_downgrades":1,"time_active":59,"iPad":0,"X11":0,"Windows_NT_6_3":0,"iPhone":0,"Windows_NT_6_2":0,"Macintosh":0,"Windows_NT_5_1":0,"compatible":0,"Windows_NT_6_0":0,"Windows_NT_6_1":1,"Add_Friend":0.12345679012345678,"Add_to_Playlist":0.16666666666666666,"Error":0.0,"Help":0.043209876543209874,"Roll_Advert":0.2037037037037037,"Submit_Upgrade":0.006172839506172839,"Thumbs_Down":0.19753086419753085,"Thumbs_Up":0.25308641975308643,"Upgrade":0.006172839506172839,"time_session":267.12111111111113,"songs_session":64.2,"mean_time_week":500.8520833333333,"std_time_week":489.42536166191553,"mean_artists_week":110.375,"session_week":79.86666666666666,"mean_time_last_week":19.657142857142855,"mean_time_last_month":63.58277777777778,"time_last_week_ratio":0.30915829009302953,"number_songs_last_week":33,"number_songs_last_month":461,"number_songs_ratio":0.07158351409978309,"count_artist":38}
{"churn_label":0,"gender":1,"userId":"25","level":1,"num_downgrades":1,"time_active":82,"iPad":0,"X11":0,"Windows_NT_6_3":0,"iPhone":0,"Windows_NT_6_2":0,"Macintosh":1,"Windows_NT_5_1":0,"compatible":0,"Windows_NT_6_0":0,"Windows_NT_6_1":0,"Add_Friend":0.15708812260536398,"Add_to_Playlist":0.23371647509578544,"Error":0.0,"Help":0.034482758620689655,"Roll_Advert":0.10344827586206896,"Submit_Upgrade":0.0038314176245210726,"Thumbs_Down":0.06513409961685823,"Thumbs_Up":0.37547892720306514,"Upgrade":0.02681992337164751,"time_session":519.7211111111112,"songs_session":125.33333333333333,"mean_time_week":973.5729166666666,"std_time_week":742.252124994285,"mean_artists_week":210.125,"session_week":134.05882352941177,"mean_time_last_week":39.94047619047619,"mean_time_last_month":149.22388888888887,"time_last_week_ratio":0.26765470654779416,"number_songs_last_week":72,"number_songs_last_month":1079,"number_songs_ratio":0.06672845227062095,"count_artist":78}
