{"churn_label":0,"gender":0,"userId":"128","level":1,"num_downgrades":0,"time_active":95,"iPad":0,"X11":0,"Windows_NT_6_3":0,"iPhone":0,"Windows_NT_6_2":0,"Macintosh":1,"Windows_NT_5_1":0,"compatible":0,"Windows_NT_6_0":0,"Windows_NT_6_1":0,"Add_Friend":0.13526570048309178,"Add_to_Playlist":0.2560386473429952,"Error":0.00966183574879227,"Help":0.028985507246376812,"Roll_Advert":0.05314009661835749,"Submit_Upgrade":0.004830917874396135,"Thumbs_Down":0.08695652173913043,"Thumbs_Up":0.42028985507246375,"Upgrade":0.004830917874396135,"time_session":416.62549019607843,"songs_session":108.0,"mean_time_week":786.9592592592592,"std_time_week":939.8880982119593,"mean_artists_week":166.11111111111111,"session_week":121.58823529411765,"mean_time_last_week":307.0047619047619,"mean_time_last_month":168.75777777777776,"time_last_week_ratio":1.8192036298856067,"number_songs_last_week":532,"number_songs_last_month":1239,"number_songs_ratio":0.4293785310734463,"count_artist":75}
{"churn_label":1,"gender":0,"userId":"200024","level":1,"num_downgrades":0,"time_active":29,"iPad":0,"X11":1,"Windows_NT_6_3":0,"iPhone":0,"Windows_NT_6_2":0,"Macintosh":0,"Windows_NT_5_1":0,"compatible":0,"Windows_NT_6_0":0,"Windows_NT_6_1":0,"Add_Friend":0.09574468085106383,"Add_to_Playlist":0.1595744680851064,"Error":0.010638297872340425,"Help":0.0425531914893617,"Roll_Advert":0.2872340425531915,"Submit_Upgrade":0.010638297872340425,"Thumbs_Down":0.13829787234042554,"Thumbs_Up":0.20212765957446807,"Upgrade":0.05319148936170213,"time_session":211.70833333333334,"songs_session":52.125,"mean_time_week":422.89583333333337,"std_time_week":279.6788563013605,"mean_artists_week":99.0,"session_week":61.333333333333336,"mean_time_last_week":138.42380952380952,"mean_time_last_month":56.455555555555556,"time_last_week_ratio":2.4519076672196136,"number_songs_last_week":235,"number_songs_last_month":417,"number_songs_ratio":0.5635491606714629,"count_artist":17}
{"churn_label":0,"gender":1,"userId":"23","level":1,"num_downgrades":0,"time_active":136,"iPad":0,"X11":0,"Windows_NT_6_3":0,"iPhone":0,"Windows_NT_6_2":0,"Macintosh":0,"Windows_NT_5_1":0,"compatible":0,"Windows_NT_6_0":0,"Windows_NT_6_1":1,"Add_Friend":0.15789473684210525,"Add_to_Playlist":0.22105263157894736,"Error":0.0,"Help":0.042105263157894736,"Roll_Advert":0.2,"Submit_Upgrade":0.010526315789473684,"Thumbs_Down":0.06315789473684211,"Thumbs_Up":0.29473684210526313,"Upgrade":0.010526315789473684,"time_session":682.5541666666667,"songs_session":164.0,"mean_time_week":682.5541666666667,"std_time_week":1129.897793753357,"mean_artists_week":144.25,"session_week":195.5,"mean_time_last_week":359.8619047619048,"mean_time_last_month":91.00722222222223,"time_last_week_ratio":3.954212599558207,"number_songs_last_week":605,"number_songs_last_month":656,"number_songs_ratio":0.9222560975609756,"count_artist":29}
{"churn_label":0,"gender":1,"userId":"41","level":1,"num_downgrades":0,"time_active":110,"iPad":0,"X11":0,"Windows_NT_6_3":0,"iPhone":0,"Windows_NT_6_2":0,"Macintosh":0,"Windows_NT_5_1":0,"compatible":1,"Windows_NT_6_0":0,"Windows_NT_6_1":0,"Add_Friend":0.17647058823529413,"Add_to_Playlist":0.29901960784313725,"Error":0.004901960784313725,"Help":0.09313725490196079,"Roll_Advert":0.004901960784313725,"Submit_Upgrade":0.0,"Thumbs_Down":0.049019607843137254,"Thumbs_Up":0.37254901960784315,"Upgrade":0.0,"time_session":657.6722222222222,"songs_session":157.83333333333334,"mean_time_week":1127.4380952380952,"std_time_week":994.242525266154,"mean_artists_week":238.57142857142858,"session_week":185.0,"mean_time_last_week":478.83095238095245,"mean_time_last_month":142.6338888888889,"time_last_week_ratio":3.3570630101375096,"number_songs_last_week":805,"number_songs_last_month":1007,"number_songs_ratio":0.7994041708043694,"count_artist":97}
