{"churn_label":0,"gender":0,"userId":"49","level":1,"num_downgrades":1,"time_active":107,"iPad":0,"X11":0,"Windows_NT_6_3":0,"iPhone":0,"Windows_NT_6_2":0,"Macintosh":0,"Windows_NT_5_1":1,"compatible":0,"Windows_NT_6_0":0,"Windows_NT_6_1":0,"Add_Friend":0.16923076923076924,"Add_to_Playlist":0.2153846153846154,"Error":0.03076923076923077,"Help":0.06153846153846154,"Roll_Advert":0.08461538461538462,"Submit_Upgrade":0.007692307692307693,"Thumbs_Down":0.05384615384615385,"Thumbs_Up":0.36153846153846153,"Upgrade":0.015384615384615385,"time_session":356.3566666666667,"songs_session":87.8,"mean_time_week":593.9277777777778,"std_time_week":539.3937539978118,"mean_artists_week":133.16666666666666,"session_week":109.1,"mean_time_last_week":6.609523809523809,"mean_time_last_month":38.05722222222222,"time_last_week_ratio":0.17367331149209314,"number_songs_last_week":13,"number_songs_last_month":280,"number_songs_ratio":0.04642857142857143,"count_artist":27}
