{"churn_label":0,"gender":0,"userId":"300015","level":1,"num_downgrades":1,"time_active":171,"iPad":0,"X11":0,"Windows_NT_6_3":0,"iPhone":1,"Windows_NT_6_2":0,"Macintosh":0,"Windows_NT_5_1":0,"compatible":0,"Windows_NT_6_0":0,"Windows_NT_6_1":0,"Add_Friend":0.13544668587896252,"Add_to_Playlist":0.1844380403458213,"Error":0.011527377521613832,"Help":0.0345821325648415,"Roll_Advert":0.01729106628242075,"Submit_Upgrade":0.005763688760806916,"Thumbs_Down":0.04899135446685879,"Thumbs_Up":0.5561959654178674,"Upgrade":0.005763688760806916,"time_session":381.9555555555555,"songs_session":76.48484848484848,"mean_time_week":1398.1537037037037,"std_time_week":1031.029381578921,"mean_artists_week":244.88888888888889,"session_week":89.73529411764706,"mean_time_last_week":290.0476190476191,"mean_time_last_month":167.90666666666667,"time_last_week_ratio":1.727433608240406,"number_songs_last_week":410,"number_songs_last_month":1056,"number_songs_ratio":0.38825757575757575,"count_artist":135}
{"churn_label":0,"gender":1,"userId":"78","level":0,"num_downgrades":0,"time_active":61,"iPad":0,"X11":0,"Windows_NT_6_3":0,"iPhone":0,"Windows_NT_6_2":0,"Macintosh":0,"Windows_NT_5_1":0,"compatible":0,"Windows_NT_6_0":0,"Windows_NT_6_1":1,"Add_Friend":0.046511627906976744,"Add_to_Playlist":0.20930232558139536,"Error":0.0,"Help":0.023255813953488372,"Roll_Advert":0.37209302325581395,"Submit_Upgrade":0.0,"Thumbs_Down":0.06976744186046512,"Thumbs_Up":0.2558139534883721,"Upgrade":0.023255813953488372,"time_session":113.32407407407408,"songs_session":28.22222222222222,"mean_time_week":169.98611111111111,"std_time_week":220.82061760036672,"mean_artists_week":40.0,"session_week":36.0,"mean_time_last_week":1.0047619047619047,"mean_time_last_month":13.80722222222222,"time_last_week_ratio":0.0727707491478465,"number_songs_last_week":3,"number_songs_last_month":99,"number_songs_ratio":0.030303030303030304,"count_artist":17}
