{"churn_label":0,"gender":1,"userId":"92","level":0,"num_downgrades":1,"time_active":83,"iPad":1,"X11":0,"Windows_NT_6_3":0,"iPhone":0,"Windows_NT_6_2":0,"Macintosh":0,"Windows_NT_5_1":0,"compatible":0,"Windows_NT_6_0":0,"Windows_NT_6_1":0,"Add_Friend":0.1394169835234474,"Add_to_Playlist":0.229404309252218,"Error":0.0038022813688212928,"Help":0.050697084917617236,"Roll_Advert":0.10773130544993663,"Submit_Upgrade":0.0012674271229404308,"Thumbs_Down":0.09125475285171103,"Thumbs_Up":0.3700887198986058,"Upgrade":0.0063371356147021544,"time_session":284.7122093023256,"songs_session":70.77380952380952,"mean_time_week":2720.5833333333335,"std_time_week":1755.7590457509,"mean_artists_week":525.7777777777778,"session_week":84.06976744186046,"mean_time_last_week":196.5690476190476,"mean_time_last_month":410.9627777777778,"time_last_week_ratio":0.47831350732532646,"number_songs_last_week":337,"number_songs_last_month":3008,"number_songs_ratio":0.11203457446808511,"count_artist":213}
