{"churn_label":0,"gender":1,"userId":"8","level":0,"num_downgrades":0,"time_active":115,"iPad":0,"X11":0,"Windows_NT_6_3":0,"iPhone":0,"Windows_NT_6_2":0,"Macintosh":0,"Windows_NT_5_1":0,"compatible":0,"Windows_NT_6_0":0,"Windows_NT_6_1":1,"Add_Friend":0.09433962264150944,"Add_to_Playlist":0.11320754716981132,"Error":0.03773584905660377,"Help":0.0,"Roll_Advert":0.33962264150943394,"Submit_Upgrade":0.0,"Thumbs_Down":0.05660377358490566,"Thumbs_Up":0.3018867924528302,"Upgrade":0.05660377358490566,"time_session":146.88095238095235,"songs_session":35.857142857142854,"mean_time_week":171.36111111111111,"std_time_week":179.79576489471066,"mean_artists_week":40.666666666666664,"session_week":47.714285714285715,"mean_time_last_week":10.745238095238095,"mean_time_last_month":9.916111111111112,"time_last_week_ratio":1.0836141280423872,"number_songs_last_week":19,"number_songs_last_month":74,"number_songs_ratio":0.25675675675675674,"count_artist":22}
