{"churn_label":0,"gender":1,"userId":"200023","level":1,"num_downgrades":2,"time_active":67,"iPad":0,"X11":0,"Windows_NT_6_3":1,"iPhone":0,"Windows_NT_6_2":0,"Macintosh":0,"Windows_NT_5_1":0,"compatible":0,"Windows_NT_6_0":0,"Windows_NT_6_1":0,"Add_Friend":0.12359550561797752,"Add_to_Playlist":0.13670411985018727,"Error":0.003745318352059925,"Help":0.04307116104868914,"Roll_Advert":0.21722846441947566,"Submit_Upgrade":0.0056179775280898875,"Thumbs_Down":0.13670411985018727,"Thumbs_Up":0.3052434456928839,"Upgrade":0.028089887640449437,"time_session":166.0254385964912,"songs_session":41.041666666666664,"mean_time_week":1401.1314814814814,"std_time_week":864.4348309992795,"mean_artists_week":284.1111111111111,"session_week":48.32051282051282,"mean_time_last_week":242.46190476190472,"mean_time_last_month":210.5316666666667,"time_last_week_ratio":1.1516647761393204,"number_songs_last_week":420,"number_songs_last_month":1481,"number_songs_ratio":0.2835921674544227,"count_artist":114}
