{"churn_label":1,"gender":0,"userId":"3","level":1,"num_downgrades":0,"time_active":81,"iPad":0,"X11":0,"Windows_NT_6_3":0,"iPhone":0,"Windows_NT_6_2":0,"Macintosh":0,"Windows_NT_5_1":0,"compatible":0,"Windows_NT_6_0":0,"Windows_NT_6_1":1,"Add_Friend":0.041666666666666664,"Add_to_Playlist":0.16666666666666666,"Error":0.0,"Help":0.041666666666666664,"Roll_Advert":0.041666666666666664,"Submit_Upgrade":0.0,"Thumbs_Down":0.125,"Thumbs_Up":0.5833333333333334,"Upgrade":0.0,"time_session":247.425,"songs_session":53.5,"mean_time_week":329.9,"std_time_week":336.8303962431736,"mean_artists_week":68.33333333333333,"session_week":63.5,"mean_time_last_week":128.94523809523807,"mean_time_last_month":32.99,"time_last_week_ratio":3.908615886487968,"number_songs_last_week":192,"number_songs_last_month":214,"number_songs_ratio":0.897196261682243,"count_artist":27}
