{"churn_label":0,"gender":1,"userId":"119","level":0,"num_downgrades":0,"time_active":189,"iPad":0,"X11":0,"Windows_NT_6_3":0,"iPhone":0,"Windows_NT_6_2":1,"Macintosh":0,"Windows_NT_5_1":0,"compatible":0,"Windows_NT_6_0":0,"Windows_NT_6_1":0,"Add_Friend":0.125,"Add_to_Playlist":0.15625,"Error":0.03125,"Help":0.09375,"Roll_Advert":0.28125,"Submit_Upgrade":0.0,"Thumbs_Down":0.03125,"Thumbs_Up":0.21875,"Upgrade":0.0625,"time_session":120.66944444444444,"songs_session":28.833333333333332,"mean_time_week":144.80333333333334,"std_time_week":159.760152868118,"mean_artists_week":34.6,"session_week":37.166666666666664,"mean_time_last_week":4.371428571428572,"mean_time_last_month":9.756666666666668,"time_last_week_ratio":0.44804529259602716,"number_songs_last_week":9,"number_songs_last_month":75,"number_songs_ratio":0.12,"count_artist":4}
