{"churn_label":0,"gender":1,"userId":"77","level":1,"num_downgrades":1,"time_active":65,"iPad":0,"X11":0,"Windows_NT_6_3":0,"iPhone":0,"Windows_NT_6_2":0,"Macintosh":0,"Windows_NT_5_1":0,"compatible":0,"Windows_NT_6_0":0,"Windows_NT_6_1":1,"Add_Friend":0.08421052631578947,"Add_to_Playlist":0.24210526315789474,"Error":0.0,"Help":0.05263157894736842,"Roll_Advert":0.06315789473684211,"Submit_Upgrade":0.010526315789473684,"Thumbs_Down":0.042105263157894736,"Thumbs_Up":0.4842105263157895,"Upgrade":0.021052631578947368,"time_session":545.6729166666667,"songs_session":149.57142857142858,"mean_time_week":727.5638888888889,"std_time_week":648.1235468143286,"mean_artists_week":158.0,"session_week":153.625,"mean_time_last_week":116.18809523809524,"mean_time_last_month":35.253888888888895,"time_last_week_ratio":3.2957525793619524,"number_songs_last_week":196,"number_songs_last_month":258,"number_songs_ratio":0.7596899224806202,"count_artist":72}
{"churn_label":0,"gender":0,"userId":"89","level":1,"num_downgrades":0,"time_active":69,"iPad":0,"X11":0,"Windows_NT_6_3":0,"iPhone":0,"Windows_NT_6_2":0,"Macintosh":0,"Windows_NT_5_1":0,"compatible":0,"Windows_NT_6_0":0,"Windows_NT_6_1":1,"Add_Friend":0.1686746987951807,"Add_to_Playlist":0.14457831325301204,"Error":0.0,"Help":0.060240963855421686,"Roll_Advert":0.1566265060240964,"Submit_Upgrade":0.012048192771084338,"Thumbs_Down":0.07228915662650602,"Thumbs_Up":0.3614457831325301,"Upgrade":0.024096385542168676,"time_session":550.9599999999999,"songs_session":133.4,"mean_time_week":550.9599999999999,"std_time_week":697.2044963041093,"mean_artists_week":119.2,"session_week":160.2,"mean_time_last_week":18.05,"mean_time_last_month":90.15055555555554,"time_last_week_ratio":0.20022061859481982,"number_songs_last_week":33,"number_songs_last_month":655,"number_songs_ratio":0.050381679389312976,"count_artist":38}
