{"churn_label":0,"gender":1,"userId":"20","level":1,"num_downgrades":2,"time_active":77,"iPad":0,"X11":0,"Windows_NT_6_3":0,"iPhone":0,"Windows_NT_6_2":0,"Macintosh":0,"Windows_NT_5_1":0,"compatible":0,"Windows_NT_6_0":0,"Windows_NT_6_1":1,"Add_Friend":0.09881422924901186,"Add_to_Playlist":0.2134387351778656,"Error":0.011857707509881422,"Help":0.07509881422924901,"Roll_Advert":0.07905138339920949,"Submit_Upgrade":0.007905138339920948,"Thumbs_Down":0.08300395256916997,"Thumbs_Up":0.4189723320158103,"Upgrade":0.011857707509881422,"time_session":392.9087719298245,"songs_session":100.38888888888889,"mean_time_week":932.8291666666667,"std_time_week":857.1407284646187,"mean_artists_week":198.125,"session_week":109.75,"mean_time_last_week":63.195238095238096,"mean_time_last_month":91.17222222222222,"time_last_week_ratio":0.693141359889273,"number_songs_last_week":117,"number_songs_last_month":678,"number_songs_ratio":0.17256637168141592,"count_artist":52}
{"churn_label":1,"gender":0,"userId":"200011","level":0,"num_downgrades":1,"time_active":110,"iPad":0,"X11":0,"Windows_NT_6_3":0,"iPhone":0,"Windows_NT_6_2":0,"Macintosh":1,"Windows_NT_5_1":0,"compatible":0,"Windows_NT_6_0":0,"Windows_NT_6_1":0,"Add_Friend":0.1,"Add_to_Playlist":0.13846153846153847,"Error":0.007692307692307693,"Help":0.046153846153846156,"Roll_Advert":0.2076923076923077,"Submit_Upgrade":0.007692307692307693,"Thumbs_Down":0.18461538461538463,"Thumbs_Up":0.2846153846153846,"Upgrade":0.023076923076923078,"time_session":247.7848484848485,"songs_session":59.09090909090909,"mean_time_week":681.4083333333333,"std_time_week":704.9905752587787,"mean_artists_week":145.75,"session_week":77.0909090909091,"mean_time_last_week":123.08571428571427,"mean_time_last_month":86.84611111111113,"time_last_week_ratio":1.417285272891933,"number_songs_last_week":207,"number_songs_last_month":618,"number_songs_ratio":0.33495145631067963,"count_artist":31}
