{"churn_label":0,"gender":0,"userId":"138","level":1,"num_downgrades":0,"time_active":66,"iPad":1,"X11":0,"Windows_NT_6_3":0,"iPhone":0,"Windows_NT_6_2":0,"Macintosh":0,"Windows_NT_5_1":0,"compatible":0,"Windows_NT_6_0":0,"Windows_NT_6_1":0,"Add_Friend":0.1576923076923077,"Add_to_Playlist":0.25769230769230766,"Error":0.0038461538461538464,"Help":0.05,"Roll_Advert":0.06538461538461539,"Submit_Upgrade":0.0038461538461538464,"Thumbs_Down":0.09230769230769231,"Thumbs_Up":0.36538461538461536,"Upgrade":0.0038461538461538464,"time_session":564.2266666666668,"songs_session":138.0,"mean_time_week":940.1666666666666,"std_time_week":1175.8810976596797,"mean_artists_week":192.11111111111111,"session_week":154.3125,"mean_time_last_week":421.63095238095235,"mean_time_last_month":115.64888888888888,"time_last_week_ratio":3.6457847233278615,"number_songs_last_week":711,"number_songs_last_month":841,"number_songs_ratio":0.845422116527943,"count_artist":368}
{"churn_label":0,"gender":1,"userId":"300017","level":1,"num_downgrades":0,"time_active":74,"iPad":0,"X11":0,"Windows_NT_6_3":0,"iPhone":0,"Windows_NT_6_2":0,"Macintosh":1,"Windows_NT_5_1":0,"compatible":0,"Windows_NT_6_0":0,"Windows_NT_6_1":0,"Add_Friend":0.11454545454545455,"Add_to_Playlist":0.20545454545454545,"Error":0.00909090909090909,"Help":0.04909090909090909,"Roll_Advert":0.02,"Submit_Upgrade":0.0,"Thumbs_Down":0.05090909090909091,"Thumbs_Up":0.5509090909090909,"Upgrade":0.0,"time_session":233.32407407407402,"songs_session":59.540983606557376,"mean_time_week":1633.2685185185187,"std_time_week":657.360478777544,"mean_artists_week":347.77777777777777,"session_week":70.28571428571429,"mean_time_last_week":168.42619047619047,"mean_time_last_month":224.9111111111111,"time_last_week_ratio":0.7488566911795842,"number_songs_last_week":292,"number_songs_last_month":1661,"number_songs_ratio":0.17579771222155327,"count_artist":591}
