{"churn_label":0,"gender":1,"userId":"111","level":1,"num_downgrades":0,"time_active":82,"iPad":0,"X11":0,"Windows_NT_6_3":0,"iPhone":0,"Windows_NT_6_2":0,"Macintosh":0,"Windows_NT_5_1":0,"compatible":0,"Windows_NT_6_0":0,"Windows_NT_6_1":1,"Add_Friend":0.24468085106382978,"Add_to_Playlist":0.22340425531914893,"Error":0.02127659574468085,"Help":0.031914893617021274,"Roll_Advert":0.031914893617021274,"Submit_Upgrade":0.010638297872340425,"Thumbs_Down":0.06382978723404255,"Thumbs_Up":0.3617021276595745,"Upgrade":0.010638297872340425,"time_session":462.5380952380952,"songs_session":99.71428571428571,"mean_time_week":462.0095238095237,"std_time_week":501.9759231219959,"mean_artists_week":93.14285714285714,"session_week":103.75,"mean_time_last_week":170.77142857142857,"mean_time_last_month":97.42277777777778,"time_last_week_ratio":1.752890160460829,"number_songs_last_week":252,"number_songs_last_month":632,"number_songs_ratio":0.3987341772151899,"count_artist":29}
