{"churn_label":0,"gender":0,"userId":"134","level":0,"num_downgrades":0,"time_active":65,"iPad":0,"X11":0,"Windows_NT_6_3":0,"iPhone":0,"Windows_NT_6_2":0,"Macintosh":1,"Windows_NT_5_1":0,"compatible":0,"Windows_NT_6_0":0,"Windows_NT_6_1":0,"Add_Friend":0.0,"Add_to_Playlist":0.2,"Error":0.0,"Help":0.0,"Roll_Advert":0.3,"Submit_Upgrade":0.0,"Thumbs_Down":0.1,"Thumbs_Up":0.3,"Upgrade":0.1,"time_session":35.4125,"songs_session":9.25,"mean_time_week":35.4125,"std_time_week":20.86165796738476,"mean_artists_week":9.25,"session_week":13.0,"mean_time_last_week":7.776190476190476,"mean_time_last_month":2.005,"time_last_week_ratio":3.8783992399952503,"number_songs_last_week":13,"number_songs_last_month":15,"number_songs_ratio":0.8666666666666667,"count_artist":1}
{"churn_label":1,"gender":0,"userId":"200001","level":0,"num_downgrades":0,"time_active":16,"iPad":0,"X11":0,"Windows_NT_6_3":0,"iPhone":0,"Windows_NT_6_2":0,"Macintosh":0,"Windows_NT_5_1":0,"compatible":0,"Windows_NT_6_0":0,"Windows_NT_6_1":1,"Add_Friend":0.0,"Add_to_Playlist":0.15789473684210525,"Error":0.0,"Help":0.05263157894736842,"Roll_Advert":0.15789473684210525,"Submit_Upgrade":0.0,"Thumbs_Down":0.05263157894736842,"Thumbs_Up":0.5263157894736842,"Upgrade":0.05263157894736842,"time_session":83.70833333333333,"songs_session":28.75,"mean_time_week":167.41666666666666,"std_time_week":140.41454103237788,"mean_artists_week":37.333333333333336,"session_week":26.333333333333332,"mean_time_last_week":48.16666666666667,"mean_time_last_month":16.741666666666667,"time_last_week_ratio":2.877053260328522,"number_songs_last_week":77,"number_songs_last_month":115,"number_songs_ratio":0.6695652173913044,"count_artist":2}
{"churn_label":0,"gender":1,"userId":"88","level":1,"num_downgrades":0,"time_active":76,"iPad":0,"X11":0,"Windows_NT_6_3":0,"iPhone":0,"Windows_NT_6_2":0,"Macintosh":0,"Windows_NT_5_1":0,"compatible":0,"Windows_NT_6_0":0,"Windows_NT_6_1":1,"Add_Friend":0.1044776119402985,"Add_to_Playlist":0.21641791044776118,"Error":0.0037313432835820895,"Help":0.05223880597014925,"Roll_Advert":0.08582089552238806,"Submit_Upgrade":0.0037313432835820895,"Thumbs_Down":0.07462686567164178,"Thumbs_Up":0.4552238805970149,"Upgrade":0.0037313432835820895,"time_session":329.926282051282,"songs_session":78.65384615384616,"mean_time_week":951.9629629629629,"std_time_week":834.1672746325531,"mean_artists_week":199.77777777777777,"session_week":88.03571428571429,"mean_time_last_week":316.4285714285714,"mean_time_last_month":256.19055555555565,"time_last_week_ratio":1.2351297288941354,"number_songs_last_week":529,"number_songs_last_month":1835,"number_songs_ratio":0.288283378746594,"count_artist":63}
