{"churn_label":0,"gender":0,"userId":"71","level":1,"num_downgrades":0,"time_active":53,"iPad":0,"X11":0,"Windows_NT_6_3":0,"iPhone":0,"Windows_NT_6_2":0,"Macintosh":1,"Windows_NT_5_1":0,"compatible":0,"Windows_NT_6_0":0,"Windows_NT_6_1":0,"Add_Friend":0.20454545454545456,"Add_to_Playlist":0.11363636363636363,"Error":0.022727272727272728,"Help":0.022727272727272728,"Roll_Advert":0.13636363636363635,"Submit_Upgrade":0.022727272727272728,"Thumbs_Down":0.09090909090909091,"Thumbs_Up":0.3181818181818182,"Upgrade":0.06818181818181818,"time_session":267.4916666666667,"songs_session":66.0,"mean_time_week":266.5791666666667,"std_time_week":346.45139052307235,"mean_artists_week":63.5,"session_week":65.8,"mean_time_last_week":26.3,"mean_time_last_month":29.970000000000002,"time_last_week_ratio":0.8775442108775442,"number_songs_last_week":44,"number_songs_last_month":218,"number_songs_ratio":0.2018348623853211,"count_artist":23}
