{"churn_label":1,"gender":0,"userId":"200017","level":1,"num_downgrades":0,"time_active":61,"iPad":0,"X11":0,"Windows_NT_6_3":0,"iPhone":0,"Windows_NT_6_2":0,"Macintosh":1,"Windows_NT_5_1":0,"compatible":0,"Windows_NT_6_0":0,"Windows_NT_6_1":0,"Add_Friend":0.10126582278481013,"Add_to_Playlist":0.13924050632911392,"Error":0.012658227848101266,"Help":0.02531645569620253,"Roll_Advert":0.11392405063291139,"Submit_Upgrade":0.012658227848101266,"Thumbs_Down":0.20253164556962025,"Thumbs_Up":0.3670886075949367,"Upgrade":0.02531645569620253,"time_session":190.29305555555553,"songs_session":41.083333333333336,"mean_time_week":326.2166666666667,"std_time_week":411.81518497266956,"mean_artists_week":65.42857142857143,"session_week":51.666666666666664,"mean_time_last_week":25.573809523809526,"mean_time_last_month":60.96888888888889,"time_last_week_ratio":0.4194567096411389,"number_songs_last_week":39,"number_songs_last_month":394,"number_songs_ratio":0.09898477157360407,"count_artist":11}
{"churn_label":0,"gender":0,"userId":"86","level":1,"num_downgrades":0,"time_active":135,"iPad":0,"X11":0,"Windows_NT_6_3":0,"iPhone":0,"Windows_NT_6_2":0,"Macintosh":0,"Windows_NT_5_1":0,"compatible":0,"Windows_NT_6_0":0,"Windows_NT_6_1":1,"Add_Friend":0.18,"Add_to_Playlist":0.2,"Error":0.01,"Help":0.08,"Roll_Advert":0.09,"Submit_Upgrade":0.01,"Thumbs_Down":0.08,"Thumbs_Up":0.34,"Upgrade":0.01,"time_session":263.5533333333334,"songs_session":65.0,"mean_time_week":376.50476190476195,"std_time_week":392.44925901251355,"mean_artists_week":88.28571428571429,"session_week":81.8,"mean_time_last_week":73.82142857142857,"mean_time_last_month":82.4961111111111,"time_last_week_ratio":0.8948473761629938,"number_songs_last_week":122,"number_songs_last_month":606,"number_songs_ratio":0.20132013201320131,"count_artist":24}
