{"churn_label":0,"gender":1,"userId":"200006","level":0,"num_downgrades":0,"time_active":74,"iPad":0,"X11":0,"Windows_NT_6_3":0,"iPhone":0,"Windows_NT_6_2":0,"Macintosh":1,"Windows_NT_5_1":0,"compatible":0,"Windows_NT_6_0":0,"Windows_NT_6_1":0,"Add_Friend":0.057971014492753624,"Add_to_Playlist":0.12318840579710146,"Error":0.014492753623188406,"Help":0.007246376811594203,"Roll_Advert":0.4927536231884058,"Submit_Upgrade":0.0,"Thumbs_Down":0.13768115942028986,"Thumbs_Up":0.15217391304347827,"Upgrade":0.014492753623188406,"time_session":101.85238095238094,"songs_session":25.80952380952381,"mean_time_week":237.65555555555557,"std_time_week":202.96014438389952,"mean_artists_week":57.111111111111114,"session_week":35.23809523809524,"mean_time_last_week":72.27857142857144,"mean_time_last_month":36.42,"time_last_week_ratio":1.9845846081430927,"number_songs_last_week":135,"number_songs_last_month":288,"number_songs_ratio":0.46875,"count_artist":20}
