{"churn_label":1,"gender":0,"userId":"100014","level":1,"num_downgrades":0,"time_active":85,"iPad":0,"X11":0,"Windows_NT_6_3":0,"iPhone":0,"Windows_NT_6_2":0,"Macintosh":0,"Windows_NT_5_1":0,"compatible":0,"Windows_NT_6_0":0,"Windows_NT_6_1":1,"Add_Friend":0.16216216216216217,"Add_to_Playlist":0.1891891891891892,"Error":0.0,"Help":0.05405405405405406,"Roll_Advert":0.05405405405405406,"Submit_Upgrade":0.0,"Thumbs_Down":0.08108108108108109,"Thumbs_Up":0.4594594594594595,"Upgrade":0.0,"time_session":184.81388888888887,"songs_session":42.833333333333336,"mean_time_week":277.22083333333336,"std_time_week":213.97627177857657,"mean_artists_week":62.0,"session_week":51.666666666666664,"mean_time_last_week":34.32142857142857,"mean_time_last_month":8.123333333333333,"time_last_week_ratio":4.225042499560349,"number_songs_last_week":60,"number_songs_last_month":62,"number_songs_ratio":0.967741935483871,"count_artist":55}
{"churn_label":0,"gender":1,"userId":"132","level":1,"num_downgrades":0,"time_active":67,"iPad":0,"X11":0,"Windows_NT_6_3":0,"iPhone":0,"Windows_NT_6_2":0,"Macintosh":1,"Windows_NT_5_1":0,"compatible":0,"Windows_NT_6_0":0,"Windows_NT_6_1":0,"Add_Friend":0.19069767441860466,"Add_to_Playlist":0.17674418604651163,"Error":0.013953488372093023,"Help":0.07441860465116279,"Roll_Advert":0.009302325581395349,"Submit_Upgrade":0.004651162790697674,"Thumbs_Down":0.07906976744186046,"Thumbs_Up":0.44651162790697674,"Upgrade":0.004651162790697674,"time_session":498.95104166666675,"songs_session":120.5,"mean_time_week":1140.0547619047618,"std_time_week":897.6713805583562,"mean_artists_week":239.28571428571428,"session_week":135.52941176470588,"mean_time_last_week":226.0595238095238,"mean_time_last_month":214.08166666666668,"time_last_week_ratio":1.0559499434461481,"number_songs_last_week":389,"number_songs_last_month":1552,"number_songs_ratio":0.2506443298969072,"count_artist":406}
{"churn_label":0,"gender":1,"userId":"154","level":0,"num_downgrades":0,"time_active":24,"iPad":0,"X11":0,"Windows_NT_6_3":0,"iPhone":0,"Windows_NT_6_2":0,"Macintosh":0,"Windows_NT_5_1":0,"compatible":0,"Windows_NT_6_0":0,"Windows_NT_6_1":1,"Add_Friend":0.11538461538461539,"Add_to_Playlist":0.038461538461538464,"Error":0.0,"Help":0.038461538461538464,"Roll_Advert":0.38461538461538464,"Submit_Upgrade":0.0,"Thumbs_Down":0.0,"Thumbs_Up":0.4230769230769231,"Upgrade":0.0,"time_session":110.68333333333334,"songs_session":28.0,"mean_time_week":110.68333333333334,"std_time_week":51.50471661249417,"mean_artists_week":27.0,"session_week":39.333333333333336,"mean_time_last_week":13.62857142857143,"mean_time_last_month":11.068333333333332,"time_last_week_ratio":1.231311979693248,"number_songs_last_week":21,"number_songs_last_month":84,"number_songs_ratio":0.25,"count_artist":23}
