{"churn_label":0,"gender":1,"userId":"120","level":1,"num_downgrades":0,"time_active":129,"iPad":0,"X11":0,"Windows_NT_6_3":0,"iPhone":0,"Windows_NT_6_2":0,"Macintosh":1,"Windows_NT_5_1":0,"compatible":0,"Windows_NT_6_0":0,"Windows_NT_6_1":0,"Add_Friend":0.1317365269461078,"Add_to_Playlist":0.2634730538922156,"Error":0.005988023952095809,"Help":0.029940119760479042,"Roll_Advert":0.005988023952095809,"Submit_Upgrade":0.0,"Thumbs_Down":0.07784431137724551,"Thumbs_Up":0.48502994011976047,"Upgrade":0.0,"time_session":464.04642857142846,"songs_session":112.21428571428571,"mean_time_week":811.4395833333332,"std_time_week":971.6836925298134,"mean_artists_week":171.125,"session_week":122.8,"mean_time_last_week":52.88571428571429,"mean_time_last_month":59.53666666666667,"time_last_week_ratio":0.8882881297639711,"number_songs_last_week":94,"number_songs_last_month":431,"number_songs_ratio":0.21809744779582366,"count_artist":108}
