{"churn_label":0,"gender":1,"userId":"300002","level":1,"num_downgrades":1,"time_active":124,"iPad":0,"X11":0,"Windows_NT_6_3":0,"iPhone":0,"Windows_NT_6_2":0,"Macintosh":1,"Windows_NT_5_1":0,"compatible":0,"Windows_NT_6_0":0,"Windows_NT_6_1":0,"Add_Friend":0.10687022900763359,"Add_to_Playlist":0.21755725190839695,"Error":0.003816793893129771,"Help":0.061068702290076333,"Roll_Advert":0.015267175572519083,"Submit_Upgrade":0.007633587786259542,"Thumbs_Down":0.04198473282442748,"Thumbs_Up":0.5343511450381679,"Upgrade":0.011450381679389313,"time_session":372.82500000000005,"songs_session":89.44444444444444,"mean_time_week":838.85625,"std_time_week":737.5983677168299,"mean_artists_week":176.5,"session_week":108.94444444444444,"mean_time_last_week":346.6380952380952,"mean_time_last_month":146.79444444444442,"time_last_week_ratio":2.361384291823682,"number_songs_last_week":579,"number_songs_last_month":1049,"number_songs_ratio":0.551954242135367,"count_artist":124}
