{"churn_label":0,"gender":0,"userId":"62","level":1,"num_downgrades":0,"time_active":134,"iPad":0,"X11":0,"Windows_NT_6_3":0,"iPhone":0,"Windows_NT_6_2":0,"Macintosh":0,"Windows_NT_5_1":0,"compatible":0,"Windows_NT_6_0":0,"Windows_NT_6_1":1,"Add_Friend":0.1827956989247312,"Add_to_Playlist":0.20967741935483872,"Error":0.021505376344086023,"Help":0.053763440860215055,"Roll_Advert":0.005376344086021506,"Submit_Upgrade":0.0,"Thumbs_Down":0.11290322580645161,"Thumbs_Up":0.41397849462365593,"Upgrade":0.0,"time_session":816.8979166666667,"songs_session":198.875,"mean_time_week":932.8190476190476,"std_time_week":831.4821946618475,"mean_artists_week":199.71428571428572,"session_week":209.22222222222223,"mean_time_last_week":275.65,"mean_time_last_month":189.74555555555557,"time_last_week_ratio":1.4527349491424186,"number_songs_last_week":466,"number_songs_last_month":1391,"number_songs_ratio":0.33501078360891445,"count_artist":43}
