{"churn_label":0,"gender":0,"userId":"149","level":0,"num_downgrades":0,"time_active":46,"iPad":0,"X11":0,"Windows_NT_6_3":0,"iPhone":0,"Windows_NT_6_2":0,"Macintosh":1,"Windows_NT_5_1":0,"compatible":0,"Windows_NT_6_0":0,"Windows_NT_6_1":0,"Add_Friend":0.21951219512195122,"Add_to_Playlist":0.12195121951219512,"Error":0.0,"Help":0.024390243902439025,"Roll_Advert":0.3170731707317073,"Submit_Upgrade":0.0,"Thumbs_Down":0.024390243902439025,"Thumbs_Up":0.2682926829268293,"Upgrade":0.024390243902439025,"time_session":265.7277777777778,"songs_session":62.0,"mean_time_week":398.5916666666667,"std_time_week":252.8495998392896,"mean_artists_week":89.5,"session_week":80.0,"mean_time_last_week":31.400000000000002,"mean_time_last_month":26.57277777777778,"time_last_week_ratio":1.1816604294286133,"number_songs_last_week":54,"number_songs_last_month":186,"number_songs_ratio":0.2903225806451613,"count_artist":7}
