{"churn_label":1,"gender":0,"userId":"18","level":1,"num_downgrades":0,"time_active":38,"iPad":0,"X11":0,"Windows_NT_6_3":0,"iPhone":0,"Windows_NT_6_2":0,"Macintosh":1,"Windows_NT_5_1":0,"compatible":0,"Windows_NT_6_0":0,"Windows_NT_6_1":0,"Add_Friend":0.21739130434782608,"Add_to_Playlist":0.30434782608695654,"Error":0.0,"Help":0.021739130434782608,"Roll_Advert":0.0,"Submit_Upgrade":0.0,"Thumbs_Down":0.021739130434782608,"Thumbs_Up":0.43478260869565216,"Upgrade":0.0,"time_session":299.7444444444444,"songs_session":71.5,"mean_time_week":1798.4666666666665,"std_time_week":0.0,"mean_artists_week":374.0,"session_week":85.5,"mean_time_last_week":256.9238095238095,"mean_time_last_month":59.94888888888888,"time_last_week_ratio":4.285714285714286,"number_songs_last_week":429,"number_songs_last_month":429,"number_songs_ratio":1.0,"count_artist":33}
