{"churn_label":0,"gender":1,"userId":"113","level":1,"num_downgrades":0,"time_active":123,"iPad":0,"X11":0,"Windows_NT_6_3":0,"iPhone":0,"Windows_NT_6_2":0,"Macintosh":1,"Windows_NT_5_1":0,"compatible":0,"Windows_NT_6_0":0,"Windows_NT_6_1":0,"Add_Friend":0.16666666666666666,"Add_to_Playlist":0.2604166666666667,"Error":0.015625,"Help":0.036458333333333336,"Roll_Advert":0.005208333333333333,"Submit_Upgrade":0.005208333333333333,"Thumbs_Down":0.0625,"Thumbs_Up":0.4270833333333333,"Upgrade":0.020833333333333332,"time_session":273.5104166666667,"songs_session":68.91304347826087,"mean_time_week":820.53125,"std_time_week":409.2741942347066,"mean_artists_week":180.25,"session_week":78.95833333333333,"mean_time_last_week":88.00238095238095,"mean_time_last_month":102.71,"time_last_week_ratio":0.8568044100124715,"number_songs_last_week":158,"number_songs_last_month":753,"number_songs_ratio":0.2098273572377158,"count_artist":200}
{"churn_label":0,"gender":0,"userId":"30","level":1,"num_downgrades":1,"time_active":63,"iPad":0,"X11":0,"Windows_NT_6_3":0,"iPhone":0,"Windows_NT_6_2":0,"Macintosh":0,"Windows_NT_5_1":0,"compatible":0,"Windows_NT_6_0":0,"Windows_NT_6_1":1,"Add_Friend":0.10245901639344263,"Add_to_Playlist":0.19262295081967212,"Error":0.004098360655737705,"Help":0.020491803278688523,"Roll_Advert":0.29508196721311475,"Submit_Upgrade":0.004098360655737705,"Thumbs_Down":0.06967213114754098,"Thumbs_Up":0.2540983606557377,"Upgrade":0.05737704918032787,"time_session":183.59427083333333,"songs_session":50.607142857142854,"mean_time_week":733.6666666666667,"std_time_week":624.713782273054,"mean_artists_week":159.25,"session_week":53.78787878787879,"mean_time_last_week":275.68333333333334,"mean_time_last_month":116.26166666666667,"time_last_week_ratio":2.371231560990295,"number_songs_last_week":463,"number_songs_last_month":848,"number_songs_ratio":0.5459905660377359,"count_artist":155}
