{"churn_label":0,"gender":1,"userId":"19","level":1,"num_downgrades":0,"time_active":22,"iPad":0,"X11":0,"Windows_NT_6_3":0,"iPhone":0,"Windows_NT_6_2":0,"Macintosh":0,"Windows_NT_5_1":0,"compatible":0,"Windows_NT_6_0":0,"Windows_NT_6_1":1,"Add_Friend":0.21052631578947367,"Add_to_Playlist":0.42105263157894735,"Error":0.0,"Help":0.0,"Roll_Advert":0.0,"Submit_Upgrade":0.0,"Thumbs_Down":0.10526315789473684,"Thumbs_Up":0.2631578947368421,"Upgrade":0.0,"time_session":904.8666666666667,"songs_session":216.0,"mean_time_week":904.8666666666667,"std_time_week":0.0,"mean_artists_week":197.0,"session_week":259.0,"mean_time_last_week":129.26666666666668,"mean_time_last_month":30.162222222222223,"time_last_week_ratio":4.2857142857142865,"number_songs_last_week":216,"number_songs_last_month":216,"number_songs_ratio":1.0,"count_artist":9}
{"churn_label":0,"gender":1,"userId":"300023","level":1,"num_downgrades":1,"time_active":150,"iPad":0,"X11":0,"Windows_NT_6_3":0,"iPhone":0,"Windows_NT_6_2":0,"Macintosh":0,"Windows_NT_5_1":0,"compatible":0,"Windows_NT_6_0":0,"Windows_NT_6_1":1,"Add_Friend":0.10472972972972973,"Add_to_Playlist":0.21283783783783783,"Error":0.010135135135135136,"Help":0.033783783783783786,"Roll_Advert":0.006756756756756757,"Submit_Upgrade":0.0033783783783783786,"Thumbs_Down":0.05405405405405406,"Thumbs_Up":0.5709459459459459,"Upgrade":0.0033783783783783786,"time_session":273.5975308641975,"songs_session":66.55555555555556,"mean_time_week":820.7925925925925,"std_time_week":572.5322881549461,"mean_artists_week":181.55555555555554,"session_week":81.85185185185185,"mean_time_last_week":337.4190476190476,"mean_time_last_month":119.86555555555556,"time_last_week_ratio":2.8149792161323597,"number_songs_last_week":563,"number_songs_last_month":871,"number_songs_ratio":0.6463834672789897,"count_artist":82}
{"churn_label":0,"gender":1,"userId":"300024","level":1,"num_downgrades":0,"time_active":39,"iPad":0,"X11":0,"Windows_NT_6_3":0,"iPhone":0,"Windows_NT_6_2":0,"Macintosh":1,"Windows_NT_5_1":0,"compatible":0,"Windows_NT_6_0":0,"Windows_NT_6_1":0,"Add_Friend":0.2,"Add_to_Playlist":0.2,"Error":0.0,"Help":0.0,"Roll_Advert":0.0,"Submit_Upgrade":0.0,"Thumbs_Down":0.0,"Thumbs_Up":0.6,"Upgrade":0.0,"time_session":381.48333333333335,"songs_session":88.0,"mean_time_week":381.48333333333335,"std_time_week":0.0,"mean_artists_week":85.0,"session_week":102.0,"mean_time_last_week":54.49761904761905,"mean_time_last_month":12.716111111111111,"time_last_week_ratio":4.285714285714286,"number_songs_last_week":88,"number_songs_last_month":88,"number_songs_ratio":1.0,"count_artist":11}
