{"churn_label":0,"gender":0,"userId":"81","level":1,"num_downgrades":1,"time_active":98,"iPad":0,"X11":0,"Windows_NT_6_3":0,"iPhone":0,"Windows_NT_6_2":0,"Macintosh":1,"Windows_NT_5_1":0,"compatible":0,"Windows_NT_6_0":0,"Windows_NT_6_1":0,"Add_Friend":0.11274509803921569,"Add_to_Playlist":0.25,"Error":0.004901960784313725,"Help":0.058823529411764705,"Roll_Advert":0.03431372549019608,"Submit_Upgrade":0.004901960784313725,"Thumbs_Down":0.06862745098039216,"Thumbs_Up":0.46078431372549017,"Upgrade":0.004901960784313725,"time_session":432.8271929824561,"songs_session":103.89473684210526,"mean_time_week":1174.2595238095237,"std_time_week":820.7669284959637,"mean_artists_week":247.57142857142858,"session_week":116.75,"mean_time_last_week":285.53333333333336,"mean_time_last_month":207.8161111111111,"time_last_week_ratio":1.3739711122814242,"number_songs_last_week":474,"number_songs_last_month":1493,"number_songs_ratio":0.3174815807099799,"count_artist":57}
