{"churn_label":0,"gender":0,"userId":"300013","level":1,"num_downgrades":0,"time_active":90,"iPad":0,"X11":1,"Windows_NT_6_3":0,"iPhone":0,"Windows_NT_6_2":0,"Macintosh":0,"Windows_NT_5_1":0,"compatible":0,"Windows_NT_6_0":0,"Windows_NT_6_1":0,"Add_Friend":0.14035087719298245,"Add_to_Playlist":0.12280701754385964,"Error":0.0,"Help":0.03508771929824561,"Roll_Advert":0.0,"Submit_Upgrade":0.0,"Thumbs_Down":0.03508771929824561,"Thumbs_Up":0.6666666666666666,"Upgrade":0.0,"time_session":232.51666666666665,"songs_session":55.833333333333336,"mean_time_week":348.775,"std_time_week":433.6679866962573,"mean_artists_week":77.5,"session_week":68.5,"mean_time_last_week":9.042857142857143,"mean_time_last_month":34.636111111111106,"time_last_week_ratio":0.2610817685001662,"number_songs_last_week":18,"number_songs_last_month":250,"number_songs_ratio":0.072,"count_artist":31}
{"churn_label":0,"gender":0,"userId":"98","level":1,"num_downgrades":0,"time_active":64,"iPad":0,"X11":0,"Windows_NT_6_3":0,"iPhone":0,"Windows_NT_6_2":0,"Macintosh":1,"Windows_NT_5_1":0,"compatible":0,"Windows_NT_6_0":0,"Windows_NT_6_1":0,"Add_Friend":0.15463917525773196,"Add_to_Playlist":0.19931271477663232,"Error":0.010309278350515464,"Help":0.05154639175257732,"Roll_Advert":0.10309278350515463,"Submit_Upgrade":0.003436426116838488,"Thumbs_Down":0.07560137457044673,"Thumbs_Up":0.3951890034364261,"Upgrade":0.006872852233676976,"time_session":370.5136904761904,"songs_session":85.75,"mean_time_week":1152.7092592592592,"std_time_week":1203.1643689406164,"mean_artists_week":228.11111111111111,"session_week":103.25,"mean_time_last_week":145.00238095238095,"mean_time_last_month":257.27777777777777,"time_last_week_ratio":0.5636024308233334,"number_songs_last_week":234,"number_songs_last_month":1779,"number_songs_ratio":0.1315345699831366,"count_artist":225}
