{"churn_label":0,"gender":0,"userId":"93","level":1,"num_downgrades":0,"time_active":71,"iPad":0,"X11":0,"Windows_NT_6_3":0,"iPhone":0,"Windows_NT_6_2":0,"Macintosh":0,"Windows_NT_5_1":0,"compatible":1,"Windows_NT_6_0":0,"Windows_NT_6_1":0,"Add_Friend":0.10569105691056911,"Add_to_Playlist":0.13821138211382114,"Error":0.0,"Help":0.056910569105691054,"Roll_Advert":0.34959349593495936,"Submit_Upgrade":0.008130081300813009,"Thumbs_Down":0.032520325203252036,"Thumbs_Up":0.2845528455284553,"Upgrade":0.024390243902439025,"time_session":216.60000000000002,"songs_session":53.333333333333336,"mean_time_week":431.7777777777778,"std_time_week":475.51057701364743,"mean_artists_week":97.16666666666667,"session_week":62.69230769230769,"mean_time_last_week":201.32142857142858,"mean_time_last_month":59.22222222222222,"time_last_week_ratio":3.399423746984723,"number_songs_last_week":350,"number_songs_last_month":437,"number_songs_ratio":0.8009153318077803,"count_artist":26}
{"churn_label":0,"gender":1,"userId":"95","level":0,"num_downgrades":1,"time_active":62,"iPad":0,"X11":0,"Windows_NT_6_3":0,"iPhone":0,"Windows_NT_6_2":0,"Macintosh":1,"Windows_NT_5_1":0,"compatible":0,"Windows_NT_6_0":0,"Windows_NT_6_1":0,"Add_Friend":0.11764705882352941,"Add_to_Playlist":0.16911764705882354,"Error":0.01838235294117647,"Help":0.0661764705882353,"Roll_Advert":0.18382352941176472,"Submit_Upgrade":0.0,"Thumbs_Down":0.09191176470588236,"Thumbs_Up":0.33455882352941174,"Upgrade":0.01838235294117647,"time_session":211.61464646464646,"songs_session":54.645161290322584,"mean_time_week":775.9203703703703,"std_time_week":772.8698104745076,"mean_artists_week":187.125,"session_week":63.36363636363637,"mean_time_last_week":56.1047619047619,"mean_time_last_month":49.606111111111105,"time_last_week_ratio":1.1310050445013655,"number_songs_last_week":93,"number_songs_last_month":374,"number_songs_ratio":0.24866310160427807,"count_artist":67}
