{"churn_label":1,"gender":0,"userId":"100021","level":0,"num_downgrades":0,"time_active":65,"iPad":0,"X11":0,"Windows_NT_6_3":0,"iPhone":0,"Windows_NT_6_2":0,"Macintosh":1,"Windows_NT_5_1":0,"compatible":0,"Windows_NT_6_0":0,"Windows_NT_6_1":0,"Add_Friend":0.109375,"Add_to_Playlist":0.109375,"Error":0.03125,"Help":0.0,"Roll_Advert":0.46875,"Submit_Upgrade":0.0,"Thumbs_Down":0.078125,"Thumbs_Up":0.171875,"Upgrade":0.03125,"time_session":215.2266666666667,"songs_session":46.0,"mean_time_week":358.71111111111105,"std_time_week":232.58236792665596,"mean_artists_week":72.66666666666667,"session_week":63.8,"mean_time_last_week":86.4547619047619,"mean_time_last_month":24.942777777777778,"time_last_week_ratio":3.466124049013774,"number_songs_last_week":135,"number_songs_last_month":162,"number_songs_ratio":0.8333333333333334,"count_artist":36}
{"churn_label":1,"gender":0,"userId":"29","level":1,"num_downgrades":0,"time_active":60,"iPad":0,"X11":0,"Windows_NT_6_3":0,"iPhone":0,"Windows_NT_6_2":0,"Macintosh":1,"Windows_NT_5_1":0,"compatible":0,"Windows_NT_6_0":0,"Windows_NT_6_1":0,"Add_Friend":0.12771739130434784,"Add_to_Playlist":0.2418478260869565,"Error":0.0,"Help":0.07608695652173914,"Roll_Advert":0.059782608695652176,"Submit_Upgrade":0.002717391304347826,"Thumbs_Down":0.059782608695652176,"Thumbs_Up":0.41847826086956524,"Upgrade":0.01358695652173913,"time_session":365.7568627450979,"songs_session":89.05882352941177,"mean_time_week":1775.9690476190476,"std_time_week":1309.3064889767863,"mean_artists_week":361.0,"session_week":102.94285714285714,"mean_time_last_week":122.56190476190477,"mean_time_last_month":271.77333333333337,"time_last_week_ratio":0.4509710473013225,"number_songs_last_week":221,"number_songs_last_month":1989,"number_songs_ratio":0.1111111111111111,"count_artist":424}
{"churn_label":0,"gender":1,"userId":"69","level":1,"num_downgrades":0,"time_active":71,"iPad":0,"X11":0,"Windows_NT_6_3":0,"iPhone":0,"Windows_NT_6_2":0,"Macintosh":0,"Windows_NT_5_1":0,"compatible":0,"Windows_NT_6_0":0,"Windows_NT_6_1":1,"Add_Friend":0.08450704225352113,"Add_to_Playlist":0.2323943661971831,"Error":0.028169014084507043,"Help":0.04929577464788732,"Roll_Advert":0.02112676056338028,"Submit_Upgrade":0.007042253521126761,"Thumbs_Down":0.06338028169014084,"Thumbs_Up":0.5070422535211268,"Upgrade":0.007042253521126761,"time_session":526.6851851851852,"songs_session":125.0,"mean_time_week":789.411111111111,"std_time_week":496.90025062790426,"mean_artists_week":171.66666666666666,"session_week":134.2,"mean_time_last_week":182.1809523809524,"mean_time_last_month":110.79833333333333,"time_last_week_ratio":1.6442571553207996,"number_songs_last_week":299,"number_songs_last_month":784,"number_songs_ratio":0.38137755102040816,"count_artist":154}
