{"churn_label":0,"gender":0,"userId":"10","level":1,"num_downgrades":0,"time_active":52,"iPad":0,"X11":0,"Windows_NT_6_3":0,"iPhone":0,"Windows_NT_6_2":0,"Macintosh":1,"Windows_NT_5_1":0,"compatible":0,"Windows_NT_6_0":0,"Windows_NT_6_1":0,"Add_Friend":0.1875,"Add_to_Playlist":0.140625,"Error":0.0,"Help":0.015625,"Roll_Advert":0.015625,"Submit_Upgrade":0.0,"Thumbs_Down":0.0625,"Thumbs_Up":0.578125,"Upgrade":0.0,"time_session":459.74722222222226,"songs_session":112.16666666666667,"mean_time_week":551.6966666666667,"std_time_week":558.6135818305492,"mean_artists_week":125.0,"session_week":132.5,"mean_time_last_week":89.66904761904763,"mean_time_last_month":32.489999999999995,"time_last_week_ratio":2.759896818068564,"number_songs_last_week":151,"number_songs_last_month":235,"number_songs_ratio":0.6425531914893617,"count_artist":18}
