{"churn_label":0,"gender":0,"userId":"200014","level":1,"num_downgrades":0,"time_active":128,"iPad":0,"X11":0,"Windows_NT_6_3":0,"iPhone":0,"Windows_NT_6_2":0,"Macintosh":1,"Windows_NT_5_1":0,"compatible":0,"Windows_NT_6_0":0,"Windows_NT_6_1":0,"Add_Friend":0.11560693641618497,"Add_to_Playlist":0.14450867052023122,"Error":0.0,"Help":0.028901734104046242,"Roll_Advert":0.28901734104046245,"Submit_Upgrade":0.005780346820809248,"Thumbs_Down":0.16184971098265896,"Thumbs_Up":0.24855491329479767,"Upgrade":0.005780346820809248,"time_session":307.8099999999999,"songs_session":74.7,"mean_time_week":513.0166666666668,"std_time_week":544.2779411497606,"mean_artists_week":114.66666666666667,"session_week":98.2,"mean_time_last_week":212.4,"mean_time_last_month":84.32444444444445,"time_last_week_ratio":2.5188425657513305,"number_songs_last_week":351,"number_songs_last_month":605,"number_songs_ratio":0.5801652892561984,"count_artist":33}
