{"churn_label":0,"gender":1,"userId":"300004","level":0,"num_downgrades":1,"time_active":89,"iPad":0,"X11":0,"Windows_NT_6_3":0,"iPhone":0,"Windows_NT_6_2":0,"Macintosh":0,"Windows_NT_5_1":0,"compatible":0,"Windows_NT_6_0":0,"Windows_NT_6_1":1,"Add_Friend":0.05128205128205128,"Add_to_Playlist":0.07692307692307693,"Error":0.0,"Help":0.07692307692307693,"Roll_Advert":0.2564102564102564,"Submit_Upgrade":0.02564102564102564,"Thumbs_Down":0.05128205128205128,"Thumbs_Up":0.4358974358974359,"Upgrade":0.02564102564102564,"time_session":278.1222222222222,"songs_session":68.0,"mean_time_week":278.1222222222222,"std_time_week":267.9359336427965,"mean_artists_week":65.0,"session_week":87.33333333333333,"mean_time_last_week":80.52142857142857,"mean_time_last_month":27.812222222222218,"time_last_week_ratio":2.895181403630927,"number_songs_last_week":137,"number_songs_last_month":204,"number_songs_ratio":0.6715686274509803,"count_artist":13}
