{"churn_label":0,"gender":1,"userId":"118","level":1,"num_downgrades":0,"time_active":63,"iPad":0,"X11":0,"Windows_NT_6_3":0,"iPhone":0,"Windows_NT_6_2":1,"Macintosh":0,"Windows_NT_5_1":0,"compatible":0,"Windows_NT_6_0":0,"Windows_NT_6_1":0,"Add_Friend":0.16560509554140126,"Add_to_Playlist":0.19745222929936307,"Error":0.006369426751592357,"Help":0.044585987261146494,"Roll_Advert":0.08280254777070063,"Submit_Upgrade":0.0031847133757961785,"Thumbs_Down":0.08598726114649681,"Thumbs_Up":0.40445859872611467,"Upgrade":0.009554140127388535,"time_session":406.25694444444457,"songs_session":99.0,"mean_time_week":1083.351851851852,"std_time_week":930.1972492226687,"mean_artists_week":231.0,"session_week":119.5,"mean_time_last_week":306.2,"mean_time_last_month":163.18944444444443,"time_last_week_ratio":1.876346849775823,"number_songs_last_week":516,"number_songs_last_month":1190,"number_songs_ratio":0.4336134453781513,"count_artist":129}
{"churn_label":0,"gender":0,"userId":"6","level":1,"num_downgrades":0,"time_active":256,"iPad":0,"X11":0,"Windows_NT_6_3":0,"iPhone":0,"Windows_NT_6_2":0,"Macintosh":1,"Windows_NT_5_1":0,"compatible":0,"Windows_NT_6_0":0,"Windows_NT_6_1":0,"Add_Friend":0.11420612813370473,"Add_to_Playlist":0.23119777158774374,"Error":0.011142061281337047,"Help":0.06685236768802229,"Roll_Advert":0.025069637883008356,"Submit_Upgrade":0.002785515320334262,"Thumbs_Down":0.08635097493036212,"Thumbs_Up":0.4596100278551532,"Upgrade":0.002785515320334262,"time_session":547.6625,"songs_session":143.5909090909091,"mean_time_week":1460.4333333333334,"std_time_week":1149.634165935456,"mean_artists_week":295.3333333333333,"session_week":156.70833333333334,"mean_time_last_week":389.1595238095238,"mean_time_last_month":259.5366666666667,"time_last_week_ratio":1.4994394773102984,"number_songs_last_week":652,"number_songs_last_month":1871,"number_songs_ratio":0.3484767504008552,"count_artist":152}
