{"churn_label":0,"gender":1,"userId":"45","level":1,"num_downgrades":0,"time_active":81,"iPad":0,"X11":0,"Windows_NT_6_3":1,"iPhone":0,"Windows_NT_6_2":0,"Macintosh":0,"Windows_NT_5_1":0,"compatible":0,"Windows_NT_6_0":0,"Windows_NT_6_1":0,"Add_Friend":0.13095238095238096,"Add_to_Playlist":0.25595238095238093,"Error":0.0,"Help":0.02976190476190476,"Roll_Advert":0.07738095238095238,"Submit_Upgrade":0.005952380952380952,"Thumbs_Down":0.07738095238095238,"Thumbs_Up":0.39880952380952384,"Upgrade":0.023809523809523808,"time_session":379.78541666666666,"songs_session":98.93333333333334,"mean_time_week":759.5708333333334,"std_time_week":546.3225626317078,"mean_artists_week":168.125,"session_week":111.0,"mean_time_last_week":302.55952380952385,"mean_time_last_month":162.5861111111111,"time_last_week_ratio":1.8609186340815738,"number_songs_last_week":513,"number_songs_last_month":1185,"number_songs_ratio":0.43291139240506327,"count_artist":35}
{"churn_label":0,"gender":0,"userId":"57","level":0,"num_downgrades":0,"time_active":88,"iPad":0,"X11":0,"Windows_NT_6_3":0,"iPhone":0,"Windows_NT_6_2":0,"Macintosh":1,"Windows_NT_5_1":0,"compatible":0,"Windows_NT_6_0":0,"Windows_NT_6_1":0,"Add_Friend":0.0,"Add_to_Playlist":0.0,"Error":0.0,"Help":0.08333333333333333,"Roll_Advert":0.5,"Submit_Upgrade":0.0,"Thumbs_Down":0.16666666666666666,"Thumbs_Up":0.25,"Upgrade":0.0,"time_session":172.6,"songs_session":46.0,"mean_time_week":172.6,"std_time_week":28.732105542213375,"mean_artists_week":44.5,"session_week":56.0,"mean_time_last_week":21.754761904761903,"mean_time_last_month":5.0761111111111115,"time_last_week_ratio":4.285714285714285,"number_songs_last_week":41,"number_songs_last_month":41,"number_songs_ratio":1.0,"count_artist":0}
