{"churn_label":0,"gender":0,"userId":"15","level":1,"num_downgrades":0,"time_active":57,"iPad":0,"X11":0,"Windows_NT_6_3":0,"iPhone":0,"Windows_NT_6_2":0,"Macintosh":0,"Windows_NT_5_1":0,"compatible":0,"Windows_NT_6_0":0,"Windows_NT_6_1":1,"Add_Friend":0.15816326530612246,"Add_to_Playlist":0.3010204081632653,"Error":0.01020408163265306,"Help":0.04081632653061224,"Roll_Advert":0.00510204081632653,"Submit_Upgrade":0.0,"Thumbs_Down":0.07142857142857142,"Thumbs_Up":0.413265306122449,"Upgrade":0.0,"time_session":528.2833333333333,"songs_session":136.71428571428572,"mean_time_week":1132.0357142857142,"std_time_week":581.8896900861635,"mean_artists_week":244.14285714285714,"session_week":151.86666666666667,"mean_time_last_week":207.2642857142857,"mean_time_last_month":109.0411111111111,"time_last_week_ratio":1.9007902946172917,"number_songs_last_week":356,"number_songs_last_month":797,"number_songs_ratio":0.4466750313676286,"count_artist":577}
{"churn_label":1,"gender":1,"userId":"54","level":1,"num_downgrades":1,"time_active":110,"iPad":0,"X11":0,"Windows_NT_6_3":0,"iPhone":0,"Windows_NT_6_2":0,"Macintosh":0,"Windows_NT_5_1":0,"compatible":0,"Windows_NT_6_0":0,"Windows_NT_6_1":1,"Add_Friend":0.09065934065934066,"Add_to_Playlist":0.1978021978021978,"Error":0.0027472527472527475,"Help":0.046703296703296704,"Roll_Advert":0.12912087912087913,"Submit_Upgrade":0.0027472527472527475,"Thumbs_Down":0.07967032967032966,"Thumbs_Up":0.4478021978021978,"Upgrade":0.0027472527472527475,"time_session":322.28963963963963,"songs_session":81.17142857142858,"mean_time_week":1702.5357142857144,"std_time_week":1175.5046126628065,"mean_artists_week":346.2857142857143,"session_week":90.44736842105263,"mean_time_last_week":341.54285714285714,"mean_time_last_month":242.48444444444448,"time_last_week_ratio":1.4085145046123069,"number_songs_last_week":557,"number_songs_last_month":1733,"number_songs_ratio":0.3214079630698211,"count_artist":720}
