{"churn_label":0,"gender":0,"userId":"100016","level":0,"num_downgrades":1,"time_active":75,"iPad":0,"X11":1,"Windows_NT_6_3":0,"iPhone":0,"Windows_NT_6_2":0,"Macintosh":0,"Windows_NT_5_1":0,"compatible":0,"Windows_NT_6_0":0,"Windows_NT_6_1":0,"Add_Friend":0.18840579710144928,"Add_to_Playlist":0.08695652173913043,"Error":0.014492753623188406,"Help":0.043478260869565216,"Roll_Advert":0.2318840579710145,"Submit_Upgrade":0.0,"Thumbs_Down":0.07246376811594203,"Thumbs_Up":0.36231884057971014,"Upgrade":0.0,"time_session":265.40416666666664,"songs_session":66.25,"mean_time_week":303.3190476190476,"std_time_week":342.8870544023492,"mean_artists_week":70.57142857142857,"session_week":79.75,"mean_time_last_week":56.79285714285714,"mean_time_last_month":57.56666666666667,"time_last_week_ratio":0.9865580279593017,"number_songs_last_week":100,"number_songs_last_month":429,"number_songs_ratio":0.2331002331002331,"count_artist":25}
