{"churn_label":0,"gender":0,"userId":"27","level":0,"num_downgrades":0,"time_active":103,"iPad":0,"X11":0,"Windows_NT_6_3":1,"iPhone":0,"Windows_NT_6_2":0,"Macintosh":0,"Windows_NT_5_1":0,"compatible":0,"Windows_NT_6_0":0,"Windows_NT_6_1":0,"Add_Friend":0.1590909090909091,"Add_to_Playlist":0.09090909090909091,"Error":0.0,"Help":0.022727272727272728,"Roll_Advert":0.4772727272727273,"Submit_Upgrade":0.0,"Thumbs_Down":0.045454545454545456,"Thumbs_Up":0.18181818181818182,"Upgrade":0.022727272727272728,"time_session":94.2962962962963,"songs_session":27.5,"mean_time_week":169.73333333333335,"std_time_week":135.90902492312847,"mean_artists_week":43.0,"session_week":32.333333333333336,"mean_time_last_week":22.88571428571429,"mean_time_last_month":5.340000000000001,"time_last_week_ratio":4.285714285714286,"number_songs_last_week":41,"number_songs_last_month":41,"number_songs_ratio":1.0,"count_artist":14}
{"churn_label":0,"gender":0,"userId":"61","level":0,"num_downgrades":2,"time_active":72,"iPad":0,"X11":0,"Windows_NT_6_3":0,"iPhone":1,"Windows_NT_6_2":0,"Macintosh":0,"Windows_NT_5_1":0,"compatible":0,"Windows_NT_6_0":0,"Windows_NT_6_1":0,"Add_Friend":0.1111111111111111,"Add_to_Playlist":0.21367521367521367,"Error":0.008547008547008548,"Help":0.042735042735042736,"Roll_Advert":0.2094017094017094,"Submit_Upgrade":0.008547008547008548,"Thumbs_Down":0.04700854700854701,"Thumbs_Up":0.3333333333333333,"Upgrade":0.02564102564102564,"time_session":431.64649122807026,"songs_session":85.36842105263158,"mean_time_week":1171.1190476190477,"std_time_week":1153.5818220762962,"mean_artists_week":196.14285714285714,"session_week":98.8,"mean_time_last_week":305.9357142857143,"mean_time_last_month":131.7811111111111,"time_last_week_ratio":2.32154450441509,"number_songs_last_week":447,"number_songs_last_month":763,"number_songs_ratio":0.5858453473132372,"count_artist":117}
