{"churn_label":1,"gender":1,"userId":"143","level":0,"num_downgrades":0,"time_active":62,"iPad":0,"X11":0,"Windows_NT_6_3":0,"iPhone":0,"Windows_NT_6_2":0,"Macintosh":1,"Windows_NT_5_1":0,"compatible":0,"Windows_NT_6_0":0,"Windows_NT_6_1":0,"Add_Friend":0.2,"Add_to_Playlist":0.06666666666666667,"Error":0.0,"Help":0.03333333333333333,"Roll_Advert":0.5,"Submit_Upgrade":0.0,"Thumbs_Down":0.0,"Thumbs_Up":0.16666666666666666,"Upgrade":0.03333333333333333,"time_session":67.85555555555555,"songs_session":16.833333333333332,"mean_time_week":135.7111111111111,"std_time_week":107.46253653836422,"mean_artists_week":33.333333333333336,"session_week":24.833333333333332,"mean_time_last_week":21.11190476190476,"mean_time_last_month":13.571111111111112,"time_last_week_ratio":1.555650424571335,"number_songs_last_week":36,"number_songs_last_month":101,"number_songs_ratio":0.3564356435643564,"count_artist":3}
