{"churn_label":0,"gender":1,"userId":"22","level":0,"num_downgrades":0,"time_active":61,"iPad":0,"X11":0,"Windows_NT_6_3":0,"iPhone":0,"Windows_NT_6_2":0,"Macintosh":0,"Windows_NT_5_1":0,"compatible":0,"Windows_NT_6_0":0,"Windows_NT_6_1":1,"Add_Friend":0.3,"Add_to_Playlist":0.0,"Error":0.0,"Help":0.0,"Roll_Advert":0.4,"Submit_Upgrade":0.0,"Thumbs_Down":0.0,"Thumbs_Up":0.3,"Upgrade":0.0,"time_session":53.31666666666667,"songs_session":14.0,"mean_time_week":53.31666666666667,"std_time_week":68.68363867925332,"mean_artists_week":14.0,"session_week":20.0,"mean_time_last_week":14.554761904761905,"mean_time_last_month":3.5544444444444445,"time_last_week_ratio":4.094806412718261,"number_songs_last_week":26,"number_songs_last_month":28,"number_songs_ratio":0.9285714285714286,"count_artist":0}
{"churn_label":1,"gender":1,"userId":"28","level":1,"num_downgrades":0,"time_active":45,"iPad":0,"X11":0,"Windows_NT_6_3":0,"iPhone":0,"Windows_NT_6_2":0,"Macintosh":0,"Windows_NT_5_1":0,"compatible":0,"Windows_NT_6_0":0,"Windows_NT_6_1":1,"Add_Friend":0.09569377990430622,"Add_to_Playlist":0.23923444976076555,"Error":0.004784688995215311,"Help":0.03349282296650718,"Roll_Advert":0.12440191387559808,"Submit_Upgrade":0.004784688995215311,"Thumbs_Down":0.10526315789473684,"Thumbs_Up":0.37799043062200954,"Upgrade":0.014354066985645933,"time_session":285.39841269841276,"songs_session":76.6842105263158,"mean_time_week":998.8944444444446,"std_time_week":1234.8846981563665,"mean_artists_week":210.5,"session_week":84.80952380952381,"mean_time_last_week":641.6238095238095,"mean_time_last_month":185.52944444444444,"time_last_week_ratio":3.458339518264119,"number_songs_last_week":1080,"number_songs_last_month":1348,"number_songs_ratio":0.8011869436201781,"count_artist":170}
{"churn_label":0,"gender":0,"userId":"300018","level":1,"num_downgrades":0,"time_active":92,"iPad":0,"X11":0,"Windows_NT_6_3":0,"iPhone":0,"Windows_NT_6_2":0,"Macintosh":1,"Windows_NT_5_1":0,"compatible":0,"Windows_NT_6_0":0,"Windows_NT_6_1":0,"Add_Friend":0.12867647058823528,"Add_to_Playlist":0.21323529411764705,"Error":0.007352941176470588,"Help":0.058823529411764705,"Roll_Advert":0.011029411764705883,"Submit_Upgrade":0.003676470588235294,"Thumbs_Down":0.08823529411764706,"Thumbs_Up":0.4852941176470588,"Upgrade":0.003676470588235294,"time_session":243.46845238095236,"songs_session":63.07692307692308,"mean_time_week":852.1395833333332,"std_time_week":748.5360117376154,"mean_artists_week":183.75,"session_week":73.07142857142857,"mean_time_last_week":167.0238095238095,"mean_time_last_month":193.08722222222227,"time_last_week_ratio":0.8650174133821417,"number_songs_last_week":288,"number_songs_last_month":1384,"number_songs_ratio":0.20809248554913296,"count_artist":179}
