{"churn_label":1,"gender":1,"userId":"100022","level":0,"num_downgrades":0,"time_active":48,"iPad":0,"X11":0,"Windows_NT_6_3":0,"iPhone":0,"Windows_NT_6_2":0,"Macintosh":1,"Windows_NT_5_1":0,"compatible":0,"Windows_NT_6_0":0,"Windows_NT_6_1":0,"Add_Friend":0.0502283105022831,"Add_to_Playlist":0.0639269406392694,"Error":0.0045662100456621,"Help":0.0273972602739726,"Roll_Advert":0.5251141552511416,"Submit_Upgrade":0.0,"Thumbs_Down":0.091324200913242,"Thumbs_Up":0.2054794520547945,"Upgrade":0.0319634703196347,"time_session":136.26833333333335,"songs_session":34.05,"mean_time_week":389.33809523809526,"std_time_week":445.23021164610316,"mean_artists_week":89.85714285714286,"session_week":48.2,"mean_time_last_week":80.39999999999998,"mean_time_last_month":46.70333333333333,"time_last_week_ratio":1.7215045321533076,"number_songs_last_week":134,"number_songs_last_month":347,"number_songs_ratio":0.3861671469740634,"count_artist":74}
