{"churn_label":1,"gender":0,"userId":"101","level":1,"num_downgrades":0,"time_active":54,"iPad":0,"X11":0,"Windows_NT_6_3":0,"iPhone":0,"Windows_NT_6_2":1,"Macintosh":0,"Windows_NT_5_1":0,"compatible":0,"Windows_NT_6_0":0,"Windows_NT_6_1":0,"Add_Friend":0.1336405529953917,"Add_to_Playlist":0.28110599078341014,"Error":0.013824884792626729,"Help":0.055299539170506916,"Roll_Advert":0.03686635944700461,"Submit_Upgrade":0.004608294930875576,"Thumbs_Down":0.07373271889400922,"Thumbs_Up":0.39631336405529954,"Upgrade":0.004608294930875576,"time_session":817.5800000000002,"songs_session":179.7,"mean_time_week":2725.2666666666664,"std_time_week":2640.4218796434784,"mean_artists_week":472.6666666666667,"session_week":214.9,"mean_time_last_week":657.6738095238096,"mean_time_last_month":272.5266666666667,"time_last_week_ratio":2.413245711210436,"number_songs_last_week":997,"number_songs_last_month":1797,"number_songs_ratio":0.5548135781858653,"count_artist":359}
{"churn_label":0,"gender":1,"userId":"11","level":1,"num_downgrades":1,"time_active":125,"iPad":0,"X11":0,"Windows_NT_6_3":0,"iPhone":0,"Windows_NT_6_2":0,"Macintosh":0,"Windows_NT_5_1":0,"compatible":0,"Windows_NT_6_0":0,"Windows_NT_6_1":1,"Add_Friend":0.046511627906976744,"Add_to_Playlist":0.15503875968992248,"Error":0.007751937984496124,"Help":0.023255813953488372,"Roll_Advert":0.3023255813953488,"Submit_Upgrade":0.015503875968992248,"Thumbs_Down":0.06976744186046512,"Thumbs_Up":0.31007751937984496,"Upgrade":0.06976744186046512,"time_session":161.37708333333336,"songs_session":40.4375,"mean_time_week":286.8925925925926,"std_time_week":256.02077811607495,"mean_artists_week":68.33333333333333,"session_week":53.0,"mean_time_last_week":17.13809523809524,"mean_time_last_month":70.07277777777776,"time_last_week_ratio":0.24457565093887657,"number_songs_last_week":32,"number_songs_last_month":525,"number_songs_ratio":0.06095238095238095,"count_artist":109}
