{"churn_label":1,"gender":0,"userId":"300007","level":1,"num_downgrades":0,"time_active":12,"iPad":0,"X11":1,"Windows_NT_6_3":0,"iPhone":0,"Windows_NT_6_2":0,"Macintosh":0,"Windows_NT_5_1":0,"compatible":0,"Windows_NT_6_0":0,"Windows_NT_6_1":0,"Add_Friend":0.17391304347826086,"Add_to_Playlist":0.17391304347826086,"Error":0.0,"Help":0.043478260869565216,"Roll_Advert":0.08695652173913043,"Submit_Upgrade":0.0,"Thumbs_Down":0.043478260869565216,"Thumbs_Up":0.4782608695652174,"Upgrade":0.0,"time_session":464.03333333333336,"songs_session":111.0,"mean_time_week":464.03333333333336,"std_time_week":0.0,"mean_artists_week":107.0,"session_week":143.0,"mean_time_last_week":66.2904761904762,"mean_time_last_month":15.467777777777778,"time_last_week_ratio":4.2857142857142865,"number_songs_last_week":111,"number_songs_last_month":111,"number_songs_ratio":1.0,"count_artist":12}
{"churn_label":0,"gender":1,"userId":"43","level":0,"num_downgrades":0,"time_active":66,"iPad":0,"X11":0,"Windows_NT_6_3":0,"iPhone":0,"Windows_NT_6_2":0,"Macintosh":1,"Windows_NT_5_1":0,"compatible":0,"Windows_NT_6_0":0,"Windows_NT_6_1":0,"Add_Friend":0.075,"Add_to_Playlist":0.1,"Error":0.0,"Help":0.0,"Roll_Advert":0.45,"Submit_Upgrade":0.0,"Thumbs_Down":0.05,"Thumbs_Up":0.3,"Upgrade":0.025,"time_session":212.31666666666666,"songs_session":44.25,"mean_time_week":283.0888888888889,"std_time_week":236.35680086431788,"mean_artists_week":56.333333333333336,"session_week":60.0,"mean_time_last_week":28.88809523809524,"mean_time_last_month":28.308888888888887,"time_last_week_ratio":1.0204602289930809,"number_songs_last_week":38,"number_songs_last_month":177,"number_songs_ratio":0.21468926553672316,"count_artist":15}
