{"churn_label":1,"gender":1,"userId":"100007","level":1,"num_downgrades":0,"time_active":115,"iPad":0,"X11":0,"Windows_NT_6_3":1,"iPhone":0,"Windows_NT_6_2":0,"Macintosh":0,"Windows_NT_5_1":0,"compatible":0,"Windows_NT_6_0":0,"Windows_NT_6_1":0,"Add_Friend":0.288135593220339,"Add_to_Playlist":0.15254237288135594,"Error":0.0,"Help":0.05084745762711865,"Roll_Advert":0.0847457627118644,"Submit_Upgrade":0.0,"Thumbs_Down":0.1016949152542373,"Thumbs_Up":0.3220338983050847,"Upgrade":0.0,"time_session":189.4111111111111,"songs_session":47.0,"mean_time_week":213.08749999999998,"std_time_week":272.81393344502413,"mean_artists_week":50.0,"session_week":57.77777777777778,"mean_time_last_week":102.8404761904762,"mean_time_last_month":27.13277777777778,"time_last_week_ratio":3.79026714598696,"number_songs_last_week":174,"number_songs_last_month":201,"number_songs_ratio":0.8656716417910447,"count_artist":34}
{"churn_label":0,"gender":0,"userId":"26","level":1,"num_downgrades":0,"time_active":77,"iPad":0,"X11":0,"Windows_NT_6_3":0,"iPhone":0,"Windows_NT_6_2":0,"Macintosh":0,"Windows_NT_5_1":0,"compatible":0,"Windows_NT_6_0":0,"Windows_NT_6_1":1,"Add_Friend":0.10909090909090909,"Add_to_Playlist":0.14545454545454545,"Error":0.0,"Help":0.07272727272727272,"Roll_Advert":0.4,"Submit_Upgrade":0.01818181818181818,"Thumbs_Down":0.01818181818181818,"Thumbs_Up":0.21818181818181817,"Upgrade":0.01818181818181818,"time_session":192.50208333333333,"songs_session":31.875,"mean_time_week":308.00333333333333,"std_time_week":256.5643049131261,"mean_artists_week":49.8,"session_week":42.125,"mean_time_last_week":61.535714285714285,"mean_time_last_month":19.650555555555556,"time_last_week_ratio":3.1314999777864836,"number_songs_last_week":52,"number_songs_last_month":78,"number_songs_ratio":0.6666666666666666,"count_artist":16}
