{"churn_label":1,"gender":0,"userId":"129","level":1,"num_downgrades":0,"time_active":17,"iPad":0,"X11":0,"Windows_NT_6_3":1,"iPhone":0,"Windows_NT_6_2":0,"Macintosh":0,"Windows_NT_5_1":0,"compatible":0,"Windows_NT_6_0":0,"Windows_NT_6_1":0,"Add_Friend":0.2558139534883721,"Add_to_Playlist":0.2558139534883721,"Error":0.023255813953488372,"Help":0.046511627906976744,"Roll_Advert":0.046511627906976744,"Submit_Upgrade":0.023255813953488372,"Thumbs_Down":0.16279069767441862,"Thumbs_Up":0.16279069767441862,"Upgrade":0.023255813953488372,"time_session":191.67619047619047,"songs_session":55.166666666666664,"mean_time_week":447.24444444444447,"std_time_week":335.9921652250132,"mean_artists_week":101.0,"session_week":58.857142857142854,"mean_time_last_week":74.63809523809525,"mean_time_last_month":44.724444444444444,"time_last_week_ratio":1.66884342925285,"number_songs_last_week":130,"number_songs_last_month":331,"number_songs_ratio":0.39274924471299094,"count_artist":11}
