{"churn_label":0,"gender":0,"userId":"83","level":1,"num_downgrades":0,"time_active":124,"iPad":0,"X11":1,"Windows_NT_6_3":0,"iPhone":0,"Windows_NT_6_2":0,"Macintosh":0,"Windows_NT_5_1":0,"compatible":0,"Windows_NT_6_0":0,"Windows_NT_6_1":0,"Add_Friend":0.1111111111111111,"Add_to_Playlist":0.1728395061728395,"Error":0.018518518518518517,"Help":0.06172839506172839,"Roll_Advert":0.11728395061728394,"Submit_Upgrade":0.006172839506172839,"Thumbs_Down":0.06172839506172839,"Thumbs_Up":0.42592592592592593,"Upgrade":0.024691358024691357,"time_session":179.12678571428575,"songs_session":45.74074074074074,"mean_time_week":626.9437499999999,"std_time_week":740.2407064510188,"mean_artists_week":138.125,"session_week":53.42857142857143,"mean_time_last_week":113.44523809523808,"mean_time_last_month":147.42444444444445,"time_last_week_ratio":0.7695144351586068,"number_songs_last_week":192,"number_songs_last_month":1082,"number_songs_ratio":0.17744916820702403,"count_artist":25}
