{"churn_label":0,"gender":1,"userId":"141","level":1,"num_downgrades":1,"time_active":76,"iPad":0,"X11":0,"Windows_NT_6_3":0,"iPhone":0,"Windows_NT_6_2":0,"Macintosh":1,"Windows_NT_5_1":0,"compatible":0,"Windows_NT_6_0":0,"Windows_NT_6_1":0,"Add_Friend":0.15315315315315314,"Add_to_Playlist":0.24324324324324326,"Error":0.0,"Help":0.04504504504504504,"Roll_Advert":0.0990990990990991,"Submit_Upgrade":0.009009009009009009,"Thumbs_Down":0.04504504504504504,"Thumbs_Up":0.3783783783783784,"Upgrade":0.02702702702702703,"time_session":345.5863636363636,"songs_session":92.9,"mean_time_week":633.5749999999999,"std_time_week":770.9443433398924,"mean_artists_week":136.66666666666666,"session_week":100.18181818181819,"mean_time_last_week":37.85952380952381,"mean_time_last_month":49.35722222222221,"time_last_week_ratio":0.767051347400953,"number_songs_last_week":69,"number_songs_last_month":355,"number_songs_ratio":0.19436619718309858,"count_artist":34}
{"churn_label":0,"gender":0,"userId":"148","level":0,"num_downgrades":0,"time_active":70,"iPad":0,"X11":0,"Windows_NT_6_3":0,"iPhone":0,"Windows_NT_6_2":0,"Macintosh":0,"Windows_NT_5_1":0,"compatible":0,"Windows_NT_6_0":0,"Windows_NT_6_1":1,"Add_Friend":0.08641975308641975,"Add_to_Playlist":0.06172839506172839,"Error":0.0,"Help":0.037037037037037035,"Roll_Advert":0.3950617283950617,"Submit_Upgrade":0.0,"Thumbs_Down":0.037037037037037035,"Thumbs_Up":0.345679012345679,"Upgrade":0.037037037037037035,"time_session":132.35555555555555,"songs_session":33.166666666666664,"mean_time_week":226.89523809523808,"std_time_week":339.02803578409123,"mean_artists_week":53.285714285714285,"session_week":43.166666666666664,"mean_time_last_week":2.388095238095238,"mean_time_last_month":15.104444444444443,"time_last_week_ratio":0.1581054666974926,"number_songs_last_week":5,"number_songs_last_month":115,"number_songs_ratio":0.043478260869565216,"count_artist":12}
