{"churn_label":0,"gender":0,"userId":"102","level":0,"num_downgrades":0,"time_active":65,"iPad":0,"X11":0,"Windows_NT_6_3":0,"iPhone":0,"Windows_NT_6_2":0,"Macintosh":0,"Windows_NT_5_1":0,"compatible":0,"Windows_NT_6_0":0,"Windows_NT_6_1":1,"Add_Friend":0.0,"Add_to_Playlist":0.037037037037037035,"Error":0.037037037037037035,"Help":0.0,"Roll_Advert":0.6296296296296297,"Submit_Upgrade":0.0,"Thumbs_Down":0.07407407407407407,"Thumbs_Up":0.2222222222222222,"Upgrade":0.0,"time_session":83.97708333333333,"songs_session":19.75,"mean_time_week":111.96944444444443,"std_time_week":80.52573668410938,"mean_artists_week":26.166666666666668,"session_week":25.25,"mean_time_last_week":18.34047619047619,"mean_time_last_month":13.500555555555556,"time_last_week_ratio":1.358497886624301,"number_songs_last_week":33,"number_songs_last_month":93,"number_songs_ratio":0.3548387096774194,"count_artist":5}
