{"churn_label":0,"gender":0,"userId":"133","level":0,"num_downgrades":0,"time_active":40,"iPad":0,"X11":0,"Windows_NT_6_3":1,"iPhone":0,"Windows_NT_6_2":0,"Macintosh":0,"Windows_NT_5_1":0,"compatible":0,"Windows_NT_6_0":0,"Windows_NT_6_1":0,"Add_Friend":0.14285714285714285,"Add_to_Playlist":0.42857142857142855,"Error":0.0,"Help":0.0,"Roll_Advert":0.14285714285714285,"Submit_Upgrade":0.0,"Thumbs_Down":0.0,"Thumbs_Up":0.2857142857142857,"Upgrade":0.0,"time_session":173.86666666666667,"songs_session":32.0,"mean_time_week":173.86666666666667,"std_time_week":0.0,"mean_artists_week":32.0,"session_week":44.0,"mean_time_last_week":24.83809523809524,"mean_time_last_month":5.795555555555556,"time_last_week_ratio":4.285714285714286,"number_songs_last_week":32,"number_songs_last_month":32,"number_songs_ratio":1.0,"count_artist":6}
