{"churn_label":0,"gender":1,"userId":"96","level":1,"num_downgrades":1,"time_active":74,"iPad":0,"X11":0,"Windows_NT_6_3":0,"iPhone":0,"Windows_NT_6_2":0,"Macintosh":1,"Windows_NT_5_1":0,"compatible":0,"Windows_NT_6_0":0,"Windows_NT_6_1":0,"Add_Friend":0.16597510373443983,"Add_to_Playlist":0.2157676348547718,"Error":0.008298755186721992,"Help":0.03734439834024896,"Roll_Advert":0.07053941908713693,"Submit_Upgrade":0.004149377593360996,"Thumbs_Down":0.0995850622406639,"Thumbs_Up":0.3817427385892116,"Upgrade":0.016597510373443983,"time_session":392.369298245614,"songs_session":94.84210526315789,"mean_time_week":931.2916666666667,"std_time_week":987.0625073884954,"mean_artists_week":196.125,"session_week":108.8,"mean_time_last_week":388.68571428571425,"mean_time_last_month":199.97333333333336,"time_last_week_ratio":1.9436877297925435,"number_songs_last_week":641,"number_songs_last_month":1434,"number_songs_ratio":0.44700139470013944,"count_artist":125}
