{"churn_label":0,"gender":0,"userId":"139","level":1,"num_downgrades":0,"time_active":87,"iPad":0,"X11":0,"Windows_NT_6_3":0,"iPhone":1,"Windows_NT_6_2":0,"Macintosh":0,"Windows_NT_5_1":0,"compatible":0,"Windows_NT_6_0":0,"Windows_NT_6_1":0,"Add_Friend":0.1276595744680851,"Add_to_Playlist":0.2765957446808511,"Error":0.02127659574468085,"Help":0.02127659574468085,"Roll_Advert":0.02127659574468085,"Submit_Upgrade":0.02127659574468085,"Thumbs_Down":0.10638297872340426,"Thumbs_Up":0.3829787234042553,"Upgrade":0.02127659574468085,"time_session":392.23749999999995,"songs_session":94.25,"mean_time_week":522.9833333333332,"std_time_week":561.1630514189061,"mean_artists_week":116.66666666666667,"session_week":114.25,"mean_time_last_week":134.51666666666668,"mean_time_last_month":52.298333333333325,"time_last_week_ratio":2.572102361451927,"number_songs_last_week":225,"number_songs_last_month":377,"number_songs_ratio":0.596816976127321,"count_artist":43}
{"churn_label":0,"gender":0,"userId":"146","level":0,"num_downgrades":0,"time_active":86,"iPad":0,"X11":0,"Windows_NT_6_3":0,"iPhone":0,"Windows_NT_6_2":0,"Macintosh":0,"Windows_NT_5_1":0,"compatible":0,"Windows_NT_6_0":0,"Windows_NT_6_1":1,"Add_Friend":0.06293706293706294,"Add_to_Playlist":0.09090909090909091,"Error":0.006993006993006993,"Help":0.04195804195804196,"Roll_Advert":0.3916083916083916,"Submit_Upgrade":0.0,"Thumbs_Down":0.06293706293706294,"Thumbs_Up":0.26573426573426573,"Upgrade":0.07692307692307693,"time_session":158.82450980392156,"songs_session":38.23529411764706,"mean_time_week":299.83518518518514,"std_time_week":307.9383047702138,"mean_artists_week":68.11111111111111,"session_week":46.5,"mean_time_last_week":157.38333333333335,"mean_time_last_month":47.095,"time_last_week_ratio":3.341826803977776,"number_songs_last_week":265,"number_songs_last_month":344,"number_songs_ratio":0.7703488372093024,"count_artist":69}
