{"churn_label":0,"gender":0,"userId":"200004","level":1,"num_downgrades":0,"time_active":65,"iPad":0,"X11":0,"Windows_NT_6_3":0,"iPhone":0,"Windows_NT_6_2":0,"Macintosh":1,"Windows_NT_5_1":0,"compatible":0,"Windows_NT_6_0":0,"Windows_NT_6_1":0,"Add_Friend":0.08823529411764706,"Add_to_Playlist":0.2815126050420168,"Error":0.004201680672268907,"Help":0.037815126050420166,"Roll_Advert":0.004201680672268907,"Submit_Upgrade":0.0,"Thumbs_Down":0.226890756302521,"Thumbs_Up":0.35714285714285715,"Upgrade":0.0,"time_session":255.3946428571428,"songs_session":67.0,"mean_time_week":794.5611111111111,"std_time_week":343.5239663926101,"mean_artists_week":178.88888888888889,"session_week":76.07142857142857,"mean_time_last_week":172.9595238095238,"mean_time_last_month":124.77888888888889,"time_last_week_ratio":1.3861280970656666,"number_songs_last_week":302,"number_songs_last_month":918,"number_songs_ratio":0.3289760348583878,"count_artist":56}
{"churn_label":0,"gender":1,"userId":"300005","level":1,"num_downgrades":0,"time_active":157,"iPad":0,"X11":0,"Windows_NT_6_3":0,"iPhone":0,"Windows_NT_6_2":0,"Macintosh":1,"Windows_NT_5_1":0,"compatible":0,"Windows_NT_6_0":0,"Windows_NT_6_1":0,"Add_Friend":0.12698412698412698,"Add_to_Playlist":0.14285714285714285,"Error":0.015873015873015872,"Help":0.031746031746031744,"Roll_Advert":0.031746031746031744,"Submit_Upgrade":0.015873015873015872,"Thumbs_Down":0.06349206349206349,"Thumbs_Up":0.5555555555555556,"Upgrade":0.015873015873015872,"time_session":211.75,"songs_session":52.0,"mean_time_week":254.1,"std_time_week":231.24189205005413,"mean_artists_week":60.8,"session_week":65.66666666666667,"mean_time_last_week":19.485714285714288,"mean_time_last_month":5.468333333333333,"time_last_week_ratio":3.5633735359428753,"number_songs_last_week":38,"number_songs_last_month":47,"number_songs_ratio":0.8085106382978723,"count_artist":10}
