{"churn_label":1,"gender":1,"userId":"103","level":1,"num_downgrades":1,"time_active":42,"iPad":0,"X11":0,"Windows_NT_6_3":0,"iPhone":0,"Windows_NT_6_2":0,"Macintosh":1,"Windows_NT_5_1":0,"compatible":0,"Windows_NT_6_0":0,"Windows_NT_6_1":0,"Add_Friend":0.16129032258064516,"Add_to_Playlist":0.2709677419354839,"Error":0.0,"Help":0.04516129032258064,"Roll_Advert":0.09032258064516129,"Submit_Upgrade":0.012903225806451613,"Thumbs_Down":0.05806451612903226,"Thumbs_Up":0.33548387096774196,"Upgrade":0.025806451612903226,"time_session":401.67121212121214,"songs_session":107.3,"mean_time_week":1104.5958333333333,"std_time_week":1239.5825381043198,"mean_artists_week":230.75,"session_week":119.0909090909091,"mean_time_last_week":229.35,"mean_time_last_month":145.8488888888889,"time_last_week_ratio":1.572517979034617,"number_songs_last_week":378,"number_songs_last_month":1061,"number_songs_ratio":0.35626767200754006,"count_artist":39}
{"churn_label":0,"gender":0,"userId":"200005","level":1,"num_downgrades":0,"time_active":113,"iPad":0,"X11":0,"Windows_NT_6_3":0,"iPhone":0,"Windows_NT_6_2":0,"Macintosh":1,"Windows_NT_5_1":0,"compatible":0,"Windows_NT_6_0":0,"Windows_NT_6_1":0,"Add_Friend":0.13043478260869565,"Add_to_Playlist":0.21739130434782608,"Error":0.0,"Help":0.0,"Roll_Advert":0.21739130434782608,"Submit_Upgrade":0.043478260869565216,"Thumbs_Down":0.0,"Thumbs_Up":0.30434782608695654,"Upgrade":0.08695652173913043,"time_session":87.39722222222223,"songs_session":23.166666666666668,"mean_time_week":131.09583333333333,"std_time_week":107.98978207408057,"mean_artists_week":34.0,"session_week":29.0,"mean_time_last_week":7.938095238095238,"mean_time_last_month":17.479444444444447,"time_last_week_ratio":0.4541388751413224,"number_songs_last_week":15,"number_songs_last_month":139,"number_songs_ratio":0.1079136690647482,"count_artist":10}
{"churn_label":0,"gender":0,"userId":"38","level":1,"num_downgrades":1,"time_active":75,"iPad":0,"X11":0,"Windows_NT_6_3":0,"iPhone":0,"Windows_NT_6_2":0,"Macintosh":1,"Windows_NT_5_1":0,"compatible":0,"Windows_NT_6_0":0,"Windows_NT_6_1":0,"Add_Friend":0.1337579617834395,"Add_to_Playlist":0.1910828025477707,"Error":0.01910828025477707,"Help":0.07643312101910828,"Roll_Advert":0.012738853503184714,"Submit_Upgrade":0.006369426751592357,"Thumbs_Down":0.1337579617834395,"Thumbs_Up":0.4140127388535032,"Upgrade":0.012738853503184714,"time_session":342.28749999999997,"songs_session":82.625,"mean_time_week":608.5111111111111,"std_time_week":506.09244756873335,"mean_artists_week":134.22222222222223,"session_week":98.125,"mean_time_last_week":307.2333333333333,"mean_time_last_month":155.56166666666667,"time_last_week_ratio":1.9749938395277327,"number_songs_last_week":496,"number_songs_last_month":1117,"number_songs_ratio":0.4440465532676813,"count_artist":53}
{"churn_label":0,"gender":1,"userId":"40","level":1,"num_downgrades":0,"time_active":79,"iPad":0,"X11":0,"Windows_NT_6_3":1,"iPhone":0,"Windows_NT_6_2":0,"Macintosh":0,"Windows_NT_5_1":0,"compatible":0,"Windows_NT_6_0":0,"Windows_NT_6_1":0,"Add_Friend":0.1329479768786127,"Add_to_Playlist":0.2254335260115607,"Error":0.0,"Help":0.05202312138728324,"Roll_Advert":0.1329479768786127,"Submit_Upgrade":0.005780346820809248,"Thumbs_Down":0.06358381502890173,"Thumbs_Up":0.3815028901734104,"Upgrade":0.005780346820809248,"time_session":251.47058823529412,"songs_session":63.411764705882355,"mean_time_week":711.938888888889,"std_time_week":277.2755716424179,"mean_artists_week":167.33333333333334,"session_week":73.44444444444444,"mean_time_last_week":113.92619047619048,"mean_time_last_month":103.56166666666665,"time_last_week_ratio":1.1000806972611215,"number_songs_last_week":195,"number_songs_last_month":788,"number_songs_ratio":0.24746192893401014,"count_artist":48}
