{"churn_label":0,"gender":1,"userId":"200008","level":1,"num_downgrades":0,"time_active":116,"iPad":0,"X11":0,"Windows_NT_6_3":0,"iPhone":0,"Windows_NT_6_2":0,"Macintosh":0,"Windows_NT_5_1":0,"compatible":0,"Windows_NT_6_0":0,"Windows_NT_6_1":1,"Add_Friend":0.13170731707317074,"Add_to_Playlist":0.21951219512195122,"Error":0.014634146341463415,"Help":0.01951219512195122,"Roll_Advert":0.01951219512195122,"Submit_Upgrade":0.004878048780487805,"Thumbs_Down":0.25365853658536586,"Thumbs_Up":0.33170731707317075,"Upgrade":0.004878048780487805,"time_session":452.27555555555557,"songs_session":111.26666666666667,"mean_time_week":848.0166666666667,"std_time_week":886.5588291924273,"mean_artists_week":181.625,"session_week":134.13333333333333,"mean_time_last_week":228.56190476190477,"mean_time_last_month":179.91277777777776,"time_last_week_ratio":1.2704039567674108,"number_songs_last_week":390,"number_songs_last_month":1322,"number_songs_ratio":0.2950075642965204,"count_artist":69}
